DATE,RACE,CLASS,RACE NAME,DIST,SURF,STARTER NAME,PP,ODDS,FAVE,FIN,TRAINER,JOCKEY,TIME,PREV RACE,DAYS,SIRE,NOTES
7/20/18,2,MSW-NY-F,,5.5,Turf,Drynachan,4,2.10,TRUE,1,Chad Brown,Javier Castellano,1:03.330,,,City Zip,
7/20/18,2,MSW-NY-F,,5.5,Turf,Shady Shady Shady,5,8.50,FALSE,2,Michelle Nevin,John Velazquez,1:03.635,,,Hat Trick (JPN),
7/20/18,2,MSW-NY-F,,5.5,Turf,Molly's Party,7,33.25,FALSE,3,John Kimmel,Jose Lezcano,1:03.787,,,Desert Party,
7/20/18,2,MSW-NY-F,,5.5,Turf,Mike's Girl,9,4.40,FALSE,4,Steven Asmussen,"Ricardo Santana, Jr.",1:03.826,,,Scat Daddy,
7/20/18,2,MSW-NY-F,,5.5,Turf,Andarta,6,35.25,FALSE,5,Thomas Albertrani,Luis Reyes,1:03.864,,,Declaration of War,
7/20/18,2,MSW-NY-F,,5.5,Turf,Caralicious,3,22.90,FALSE,6,Mitchell Friedman,Junior Alvarado,1:04.093,BEL 6/29 1,21,Noble Mission (GB),
7/20/18,2,MSW-NY-F,,5.5,Turf,Too Foofoo for You,1,2.90,FALSE,7,Thomas Morley,Manuel Franco,1:04.245,BEL 6/15 4,35,Freud,
7/20/18,2,MSW-NY-F,,5.5,Turf,Bank Examiner,10,5.80,FALSE,8,Jeremiah Englehart,"Irad Ortiz, Jr.",1:04.818,,,Central Banker,
7/20/18,2,MSW-NY-F,,5.5,Turf,Big Brown Cat,8,28.75,FALSE,9,Gary Gullo,Joel Rosario,1:05.886,,,Big Brown,
7/20/18,2,MSW-NY-F,,5.5,Turf,Wicked Waters,2,18.20,FALSE,10,Jeremiah Englehart,Luis Saez,1:08.100,,,Stormy Atlantic,
7/20/18,5,MSW-F,,5.5,Dirt,Lyrical Lady,6,6.90,FALSE,1,Steven Asmussen,"Ricardo Santana, Jr.",1:04.240,,,More Than Ready,
7/20/18,5,MSW-F,,5.5,Dirt,She's Got It All,5,21.20,FALSE,2,D. Lukas,Luis Saez,1:05.130,CD 6/30 4,20,Warrior's Reward,
7/20/18,5,MSW-F,,5.5,Dirt,Winandyourin Gin,4,15.30,FALSE,3,Mark Casse,Florent Geroux,1:05.130,,,Into Mischief,
7/20/18,5,MSW-F,,5.5,Dirt,Teletype,10,33.25,FALSE,4,William Mott,Junior Alvarado,1:05.169,,,Data Link,
7/20/18,5,MSW-F,,5.5,Dirt,Brass Ring,1,47.75,FALSE,5,Leah Gyarmati,Rajiv Maragh,1:05.788,BEL 6/13 2,37,Shackleford,
7/20/18,5,MSW-F,,5.5,Dirt,Arms Wide Open,8,27.00,FALSE,6,Raymond Handal,Manuel Franco,1:05.982,,,Jimmy Creed,
7/20/18,5,MSW-F,,5.5,Dirt,Wild Type,3,4.40,FALSE,7,Eddie Kenneally,Jose Ortiz,1:06.020,CD 6/15 4,35,Successful Appeal,
7/20/18,5,MSW-F,,5.5,Dirt,Mertz,9,8.00,FALSE,8,Rudy Rodriguez,"Irad Ortiz, Jr.",1:06.136,BEL 5/19 1,62,Ghostzapper,
7/20/18,5,MSW-F,,5.5,Dirt,Princess Trina,7,6.00,FALSE,9,Ralph Nicks,Joel Rosario,1:06.253,,,Congrats,
7/20/18,5,MSW-F,,5.5,Dirt,Blahnik,2,1.25,TRUE,10,Todd Pletcher,John Velazquez,1:06.988,,,Bernardini,
7/20/18,8,GRD-F,Schuylerville S.,6,Dirt,Catherinethegreat,1,3.20,FALSE,1,Mark Casse,Jose Ortiz,1:09.980,GP 6/23 4,27,Uncaptured,
7/20/18,8,GRD-F,Schuylerville S.,6,Dirt,Nonna Madeline,2,2.15,TRUE,2,Todd Pletcher,John Velazquez,1:10.637,MTH 6/23 3,27,Candy Ride (ARG),
7/20/18,8,GRD-F,Schuylerville S.,6,Dirt,Congrats Gal,3,14.70,FALSE,3,Cathal Lynch,J. Acosta,1:10.753,LRL 6/10 4,40,Congrats,
7/20/18,8,GRD-F,Schuylerville S.,6,Dirt,Serengeti Empress,7,7.80,FALSE,4,Thomas Amoss,Javier Castellano,1:11.448,IND 7/4 3,16,Alternation,
7/20/18,8,GRD-F,Schuylerville S.,6,Dirt,Lady Apple,9,6.30,FALSE,5,Steven Asmussen,"Irad Ortiz, Jr.",1:11.487,BEL 6/7 6,43,Curlin,
7/20/18,8,GRD-F,Schuylerville S.,6,Dirt,Eyeinthesky,8,9.90,FALSE,6,Mark Casse,Tyler Gaffalione,1:11.642,BEL 6/7 3,43,Sky Mesa,
7/20/18,8,GRD-F,Schuylerville S.,6,Dirt,Fightress,4,10.00,FALSE,7,Norm Casse,Julien Leparoux,1:12.492,CD 6/22 1,28,Tapizar,
7/20/18,8,GRD-F,Schuylerville S.,6,Dirt,Lonely Road,5,36.50,FALSE,8,Christophe Clement,Manuel Franco,1:12.492,BEL 6/13 2,37,Quality Road,
7/20/18,8,GRD-F,Schuylerville S.,6,Dirt,Tapping Pearl,6,12.30,FALSE,9,Mark Casse,Florent Geroux,1:13.768,CD 6/29 4,21,Tapit,
7/20/18,8,GRD-F,Schuylerville S.,6,Dirt,Blame the Frog,10,23.10,FALSE,10,Ben Colebrook,Luis Saez,1:15.237,CD 6/22 6,28,Blame,
7/21/18,2,MSW,,8.5,Turf,Seanow,10,6.40,FALSE,1,Todd Pletcher,John Velazquez,1:45.930,GP 6/23 8,28,Tiznow,
7/21/18,2,MSW,,8.5,Turf,Digital Footprint,8,1.30,TRUE,2,Chad Brown,Javier Castellano,1:46.053,,,Giant's Causeway,
7/21/18,2,MSW,,8.5,Turf,Noble Spirit,9,9.60,FALSE,3,George Weaver,Luis Saez,1:46.136,,,Noble Mission (GB),
7/21/18,2,MSW,,8.5,Turf,One Mission,5,10.00,FALSE,4,William Mott,Jose Lezcano,1:46.177,BEL 6/17 5,34,Noble Mission (GB),
7/21/18,2,MSW,,8.5,Turf,Southern Bridge,4,5.70,FALSE,5,William Mott,Jose Ortiz,1:46.260,,,Lemon Drop Kid,
7/21/18,2,MSW,,8.5,Turf,My Macho,6,10.30,FALSE,6,H. Motion,"Irad Ortiz, Jr.",1:47.003,DEL 7/5 3,16,Mucho Macho Man,
7/21/18,2,MSW,,8.5,Turf,High Sheriff,7,39.25,FALSE,7,D. Lukas,Manuel Franco,1:47.582,,,Colonel John,
7/21/18,2,MSW,,8.5,Turf,Cairo Cat,2,35.00,FALSE,8,Kenneth McPeek,Dylan Davis,1:47.788,,,Cairo Prince,
7/21/18,2,MSW,,8.5,Turf,Sir Winston,1,16.80,FALSE,9,Mark Casse,Florent Geroux,1:47.871,CD 6/14 6,37,Awesome Again,
7/21/18,2,MSW,,8.5,Turf,Johny's Bobby,3,9.60,FALSE,10,Philip Bauer,Julien Leparoux,1:48.119,CD 6/21 5,30,Hard Spun,
7/21/18,6,MSW,,5.5,Dirt,Nitrous,2,0.85,TRUE,1,Steven Asmussen,"Ricardo Santana, Jr.",1:03.700,CD 6/14 6,37,Tapit,
7/21/18,6,MSW,,5.5,Dirt,Puttheglassdown,1,19.00,FALSE,2,Jeremiah Englehart,Luis Saez,1:04.199,,,Violence,
7/21/18,6,MSW,,5.5,Dirt,Most Mischief,10,12.80,FALSE,3,W. Calhoun,Kendrick Carmouche,1:04.813,CD 6/23 5,28,Into Mischief,
7/21/18,6,MSW,,5.5,Dirt,Binary,3,5.30,FALSE,4,"Richard Violette, Jr.","Irad Ortiz, Jr.",1:04.851,,,Into Mischief,
7/21/18,6,MSW,,5.5,Dirt,Southern Phantom,8,9.40,FALSE,5,Eric Guillot,Joel Rosario,1:04.928,,,Bodemeister,
7/21/18,6,MSW,,5.5,Dirt,The Big S,5,15.30,FALSE,6,Raymond Handal,Manuel Franco,1:04.928,,,Jimmy Creed,
7/21/18,6,MSW,,5.5,Dirt,Cromwell Avenue,9,35.25,FALSE,6,John Kimmel,David Cohen,1:04.928,,,Flashback,
7/21/18,6,MSW,,5.5,Dirt,Fed Fever,6,6.30,FALSE,8,George Weaver,Jose Ortiz,1:05.235,,,Fed Biz,
7/21/18,6,MSW,,5.5,Dirt,Market King,4,38.50,FALSE,9,D. Lukas,Dylan Davis,1:07.768,CD 6/23 5,28,Into Mischief,
7/21/18,6,MSW,,5.5,Dirt,Majestic Hero,7,32.00,FALSE,10,William Mott,John Velazquez,1:08.229,,,Majestic Warrior,
7/21/18,9,GRD,Sanford S.,6,Dirt,Sombeyay,1,2.85,TRUE,1,Todd Pletcher,Javier Castellano,1:10.350,BEL 6/8 5,43,Into Mischief,
7/21/18,9,GRD,Sanford S.,6,Dirt,Strike Silver,7,3.45,FALSE,2,Mark Casse,Julien Leparoux,1:10.388,CD 6/14 6,37,Violence,
7/21/18,9,GRD,Sanford S.,6,Dirt,Whiskey Echo,4,7.30,FALSE,3,Steven Asmussen,"Irad Ortiz, Jr.",1:10.894,BEL 6/10 1,41,Tiznow,
7/21/18,9,GRD,Sanford S.,6,Dirt,Bano Solo,6,3.85,FALSE,4,Steven Asmussen,"Ricardo Santana, Jr.",1:10.971,CD 6/23 5,28,Goldencents,
7/21/18,9,GRD,Sanford S.,6,Dirt,Knicks Go,3,17.00,FALSE,5,Ben Colebrook,Luis Saez,1:11.826,ELP 7/4 5,17,Paynter,
7/21/18,9,GRD,Sanford S.,6,Dirt,Lexitonian,2,3.05,FALSE,6,Todd Pletcher,John Velazquez,1:12.137,BEL 6/27 6,24,Speightstown,
7/21/18,9,GRD,Sanford S.,6,Dirt,Chase Greatness,5,10.80,FALSE,7,Horacio DePaz,Jose Ortiz,1:12.914,CD 6/21 5,30,More Than Ready,
7/22/18,2,MSW-F,,8.5,Turf,Chocolate Kisses,5,1.10,TRUE,1,Mark Casse,"Irad Ortiz, Jr.",1:44.270,CD 6/22 6,30,Candy Ride (ARG),
7/22/18,2,MSW-F,,8.5,Turf,Aunt Ashley,6,5.80,FALSE,2,H. Motion,Javier Castellano,1:44.432,,,Uncle Mo,
7/22/18,2,MSW-F,,8.5,Turf,Toy Moon,2,1.10,TRUE,3,Mark Casse,Julien Leparoux,1:44.717,CD 6/8 4,44,Malibu Moon,
7/22/18,2,MSW-F,,8.5,Turf,Seventh Planet,8,31.50,FALSE,4,Ralph Nicks,Eric Cancel,1:44.920,,,Orb,
7/22/18,2,MSW-F,,8.5,Turf,Sippican Harbor,1,5.90,FALSE,5,Gary Contessa,Joel Rosario,1:44.920,,,Orb,
7/22/18,2,MSW-F,,8.5,Turf,Ghostly Beauty,4,5.10,FALSE,6,George Weaver,Manuel Franco,1:44.961,,,Noble Mission (GB),
7/22/18,2,MSW-F,,8.5,Turf,Two Dozen Roses,3,8.20,FALSE,7,Todd Pletcher,John Velazquez,1:45.245,,,Super Saver,
7/22/18,2,MSW-F,,8.5,Turf,Glaze,9,17.10,FALSE,8,William Mott,Junior Alvarado,1:45.286,BEL 7/4 1,18,Flatter,
7/22/18,2,MSW-F,,8.5,Turf,Sweet Carolina,7,12.00,FALSE,9,Rodolphe Brisset,Florent Geroux,1:46.140,,,Candy Ride (ARG),
7/23/18,4,MSW-NY,,5.5,Dirt,Dugout,2,3.70,FALSE,1,Larry Rivelli,Javier Castellano,1:04.900,,,Adios Charlie,
7/23/18,4,MSW-NY,,5.5,Dirt,Woodbury,9,4.60,FALSE,2,Rudy Rodriguez,Tyler Gaffalione,1:06.034,,,Power Broker,
7/23/18,4,MSW-NY,,5.5,Dirt,Pipes,3,9.80,FALSE,3,Gary Contessa,Joel Rosario,1:06.190,,,Exchange Rate,
7/23/18,4,MSW-NY,,5.5,Dirt,Early Retirement,4,18.40,FALSE,4,David Donk,Manuel Franco,1:06.386,,,Freud,
7/23/18,4,MSW-NY,,5.5,Dirt,Bourbon Mission,8,1.55,TRUE,5,Todd Pletcher,John Velazquez,1:06.738,,,Mission Impazible,
7/23/18,4,MSW-NY,,5.5,Dirt,Bozzini,1,8.00,FALSE,6,Jeremiah Englehart,"Irad Ortiz, Jr.",1:06.816,BEL 6/22 1,31,Desert Party,
7/23/18,4,MSW-NY,,5.5,Dirt,Somelikeithotbrown,7,9.70,FALSE,7,Michael Maker,Jose Ortiz,1:07.011,,,Big Brown,
7/23/18,4,MSW-NY,,5.5,Dirt,Magical Tale,5,25.50,FALSE,8,James Ryerson,Junior Alvarado,1:07.715,,,Forty Tales,
7/23/18,4,MSW-NY,,5.5,Dirt,Semper Paratus,6,30.75,FALSE,9,Michelle Nevin,Luis Saez,1:08.419,BEL 6/22 1,31,Flatter,
7/25/18,5,MSW-NY-F,,5.5,Dirt,Collegeville Girl,4,9.40,FALSE,1,Richard Vega,Kendrick Carmouche,1:05.190,,,Central Banker,
7/25/18,5,MSW-NY-F,,5.5,Dirt,Elegant Zip,9,8.80,FALSE,2,David Donk,Manuel Franco,1:05.464,,,Run Away and Hide,
7/25/18,5,MSW-NY-F,,5.5,Dirt,Chillinwithfriends,8,2.75,TRUE,3,Rudy Rodriguez,"Irad Ortiz, Jr.",1:05.818,,,Friend Or Foe,
7/25/18,5,MSW-NY-F,,5.5,Dirt,Evan's Nice Now,1,3.20,FALSE,4,Jeremiah Englehart,Luis Saez,1:06.329,,,Trappe Shot,
7/25/18,5,MSW-NY-F,,5.5,Dirt,Bull Feathers,3,13.60,FALSE,5,Philip Gleaves,Rajiv Maragh,1:08.450,,,With Distinction,
7/25/18,5,MSW-NY-F,,5.5,Dirt,Damselfly,6,8.60,FALSE,6,Michelle Nevin,Jose Ortiz,1:08.568,BEL 6/14 1,41,Bustin Stones,
7/25/18,5,MSW-NY-F,,5.5,Dirt,Ruvies in Time,7,21.80,FALSE,7,Richard Schosberg,Jose Lezcano,1:08.725,,,The Factor,
7/25/18,5,MSW-NY-F,,5.5,Dirt,Time Warp,5,4.80,FALSE,8,Kenneth McPeek,Dylan Davis,1:08.843,,,Cairo Prince,
7/25/18,5,MSW-NY-F,,5.5,Dirt,Empress Sophia,2,8.70,FALSE,9,D. Lukas,"Ricardo Santana, Jr.",1:09.039,,,Bodemeister,
7/26/18,10,MSW-F,,5.5,Dirt,Super Simple,2,7.00,FALSE,1,Steven Asmussen,"Ricardo Santana, Jr.",1:04.950,CD 6/22 1,34,Super Saver,DQ'd and placed second
7/26/18,10,MSW-F,,5.5,Dirt,Guacamole,8,2.15,TRUE,2,Todd Pletcher,John Velazquez,1:04.957,,,Flat Out,
7/26/18,10,MSW-F,,5.5,Dirt,Quiet Company,1,5.10,FALSE,3,Horacio DePaz,Joe Bravo,1:05.067,,,Temple City,
7/26/18,10,MSW-F,,5.5,Dirt,Liora,7,2.90,FALSE,4,Wayne Catalano,Florent Geroux,1:05.223,,,Candy Ride (ARG),
7/26/18,10,MSW-F,,5.5,Dirt,Devious Charm,6,12.40,FALSE,5,Mark Casse,Jose Ortiz,1:05.811,CD 5/18 5,69,Into Mischief,
7/26/18,10,MSW-F,,5.5,Dirt,Paradise Retained,3,4.20,FALSE,6,Jason Servis,"Irad Ortiz, Jr.",1:06.006,,,Speightstown,
7/26/18,10,MSW-F,,5.5,Dirt,Isabelle's Joy,4,21.40,FALSE,7,Philip Gleaves,Rajiv Maragh,1:06.006,,,Kitten's Joy,
7/26/18,10,MSW-F,,5.5,Dirt,Lido Key,5,34.50,FALSE,8,Gary Contessa,Jose Lezcano,1:07.024,,,Lemon Drop Kid,
7/27/18,1,MSW-NY,,5.5,Dirt,Bankit,4,0.30,TRUE,1,Steven Asmussen,"Ricardo Santana, Jr.",1:04.350,BEL 6/27 6,30,Central Banker,
7/27/18,1,MSW-NY,,5.5,Dirt,The Grand Canal,1,10.20,FALSE,2,Linda Rice,Jose Ortiz,1:05.397,,,Bullet Train (GB),
7/27/18,1,MSW-NY,,5.5,Dirt,Bret's Legacy,3,19.30,FALSE,3,Michelle Nevin,Manuel Franco,1:05.552,,,Boys at Tosconova,
7/27/18,1,MSW-NY,,5.5,Dirt,Frosted Ice,2,7.40,FALSE,4,Ron Moquett,Luis Saez,1:05.862,,,Bellamy Road,
7/27/18,1,MSW-NY,,5.5,Dirt,Center City,5,27.00,FALSE,5,Russell Cash,Abel Lezcano,1:06.211,BEL 7/12 4,15,Heavy Breathing,
7/27/18,1,MSW-NY,,5.5,Dirt,Lumberer,7,24.50,FALSE,6,Chris Englehart,Jose Lezcano,1:06.793,BEL 6/22 1,35,The Lumber Guy,
7/27/18,1,MSW-NY,,5.5,Dirt,Coach Villa,6,9.30,FALSE,7,Nicholas Zito,Joe Bravo,1:07.684,,,Big Brown,
7/28/18,1,MSW,,5.5,Dirt,Carter Cat,9,1.95,TRUE,1,Steven Asmussen,"Ricardo Santana, Jr.",1:05.260,CD 6/21 5,37,Tale of the Cat,
7/28/18,1,MSW,,5.5,Dirt,Bucktail Spinner,4,10.80,FALSE,2,D. Lukas,Dylan Davis,1:05.653,CD 6/30 2,28,Oxbow,
7/28/18,1,MSW,,5.5,Dirt,He's the Souperwon,1,11.30,FALSE,3,Mark Casse,Jose Ortiz,1:05.692,,,Super Saver,
7/28/18,1,MSW,,5.5,Dirt,Halladay,5,9.00,FALSE,3,Todd Pletcher,John Velazquez,1:05.692,,,War Front,
7/28/18,1,MSW,,5.5,Dirt,Stroll Daddy,2,10.00,FALSE,5,Joe Sharp,Luis Saez,1:05.692,,,Stroll,
7/28/18,1,MSW,,5.5,Dirt,Party With Friends,6,3.40,FALSE,6,Chad Brown,Javier Castellano,1:06.597,,,Speightstown,
7/28/18,1,MSW,,5.5,Dirt,My America,3,25.25,FALSE,7,"George Arnold, II",Jose Lezcano,1:06.911,,,Medaglia d'Oro,
7/28/18,1,MSW,,5.5,Dirt,Paper Clip,10,6.00,FALSE,8,Wesley Ward,Joel Rosario,1:07.147,,,Cairo Prince,
7/28/18,1,MSW,,5.5,Dirt,Baggins,7,11.90,FALSE,9,Rudy Rodriguez,"Irad Ortiz, Jr.",1:07.540,BEL 6/17 5,41,City Zip,
7/28/18,1,MSW,,5.5,Dirt,Reed's Run,8,47.00,FALSE,10,Philip Gleaves,Rajiv Maragh,1:08.484,,,Hat Trick (JPN),
7/28/18,5,MSW,,6,Dirt,Absolutely Aiden,9,7.90,FALSE,1,Steven Asmussen,"Ricardo Santana, Jr.",1:11.080,,,Stay Thirsty,
7/28/18,5,MSW,,6,Dirt,Wild Medagliad'oro,8,6.80,FALSE,2,Mark Casse,"Irad Ortiz, Jr.",1:11.511,,,Medaglia d'Oro,
7/28/18,5,MSW,,6,Dirt,Aurelius Maximus,3,2.65,FALSE,3,Chad Brown,Jose Ortiz,1:11.668,,,Pioneerof the Nile,
7/28/18,5,MSW,,6,Dirt,Olympic Express,5,6.70,FALSE,4,Danny Gargan,Kendrick Carmouche,1:12.100,BEL 6/27 6,31,Afleet Express,
7/28/18,5,MSW,,6,Dirt,Borracho,4,35.25,FALSE,5,"George Arnold, II",Jose Lezcano,1:12.257,,,Uncle Mo,
7/28/18,5,MSW,,6,Dirt,Casa Creed,7,32.25,FALSE,6,William Mott,Junior Alvarado,1:12.572,,,Jimmy Creed,
7/28/18,5,MSW,,6,Dirt,Derby Date,2,42.50,FALSE,7,D. Lukas,David Cohen,1:12.846,,,Will Take Charge,
7/28/18,5,MSW,,6,Dirt,Coast,10,2.20,TRUE,8,Todd Pletcher,John Velazquez,1:12.925,,,Malibu Moon,
7/28/18,5,MSW,,6,Dirt,Forty Under,1,17.10,FALSE,9,Jeremiah Englehart,Manuel Franco,1:13.867,,,Uncle Mo,
7/28/18,5,MSW,,6,Dirt,Macho Citizen,6,8.40,FALSE,,W. Calhoun,Luis Saez,,,,Proud Citizen,DNF
7/29/18,4,MSW-F,,6,Dirt,Love My Honey,2,1.70,TRUE,1,Michael Maker,"Irad Ortiz, Jr.",1:10.990,,,Shackleford,
7/29/18,4,MSW-F,,6,Dirt,Into the South,3,7.40,FALSE,2,"Ignacio Correas, IV",Julien Leparoux,1:11.186,CD 6/29 4,30,Into Mischief,
7/29/18,4,MSW-F,,6,Dirt,Style and Grace,4,6.10,FALSE,3,Anthony Dutrow,Joel Rosario,1:11.695,,,Curlin,
7/29/18,4,MSW-F,,6,Dirt,Introspection,7,32.25,FALSE,4,Brian Lynch,Florent Geroux,1:11.813,,,Overanalyze,
7/29/18,4,MSW-F,,6,Dirt,Always Shopping,6,3.55,FALSE,5,Todd Pletcher,John Velazquez,1:12.401,,,Awesome Again,
7/29/18,4,MSW-F,,6,Dirt,Merada,1,3.50,FALSE,6,Steven Asmussen,"Ricardo Santana, Jr.",1:12.401,CD 6/29 4,30,Speightstown,
7/29/18,4,MSW-F,,6,Dirt,Rotate,5,9.40,FALSE,7,William Mott,Junior Alvarado,1:14.284,,,Orb,
7/30/18,5,MCL,,5.5,Dirt,Backtohisroots,5,0.95,TRUE,1,Joe Sharp,Luis Saez,1:04.510,CD 6/28 2,32,Mark Valeski,
7/30/18,5,MCL,,5.5,Dirt,Irish Roar (IRE),6,44.75,FALSE,2,Jeffrey Englehart,David Cohen,1:05.093,,,Discreet Cat,
7/30/18,5,MCL,,5.5,Dirt,Gump,2,6.70,FALSE,3,Rudy Rodriguez,"Irad Ortiz, Jr.",1:05.365,BEL 6/27 6,33,Brethren,
7/30/18,5,MCL,,5.5,Dirt,Durkin's Call,8,21.40,FALSE,4,Michael Trombetta,Kendrick Carmouche,1:05.442,BEL 6/30 1,30,Jump Start,
7/30/18,5,MCL,,5.5,Dirt,Catch Me If U Can,10,9.70,FALSE,5,Eddie Kenneally,Jose Ortiz,1:05.637,,,Jersey Town,
7/30/18,5,MCL,,5.5,Dirt,Retreiving,4,23.40,FALSE,6,Jeremiah Englehart,Manuel Franco,1:05.637,,,Retreive,
7/30/18,5,MCL,,5.5,Dirt,Senor Friday,3,39.50,FALSE,7,Eric Guillot,Junior Alvarado,1:06.064,,,Curlin,
7/30/18,5,MCL,,5.5,Dirt,The Sicarii,9,8.50,FALSE,8,Anthony Quartarolo,"Ricardo Santana, Jr.",1:06.142,TDN 7/3 3,27,Violence,
7/30/18,5,MCL,,5.5,Dirt,Rhythmia,1,14.00,FALSE,9,Philip Gleaves,Rajiv Maragh,1:06.337,BEL 6/10 1,50,Majestic Warrior,
7/30/18,5,MCL,,5.5,Dirt,Johnny Tickets,7,5.10,FALSE,10,Jason Servis,Jose Lezcano,1:06.375,,,Violence,
8/1/18,6,MSW-NY-F,,5.5,Turf,Jaded Lady,8,4.50,FALSE,1,Jeremiah Englehart,Luis Saez,1:04.760,FL 6/28 3,34,Shanghai Bobby,
8/1/18,6,MSW-NY-F,,5.5,Turf,Tradeable,5,44.00,FALSE,2,John Hertler,Julien Leparoux,1:04.838,,,Exchange Rate,
8/1/18,6,MSW-NY-F,,5.5,Turf,Corey Scores,3,0.90,TRUE,3,Chad Brown,"Irad Ortiz, Jr.",1:04.877,,,More Than Ready,
8/1/18,6,MSW-NY-F,,5.5,Turf,Shak's Hidden Gem,2,32.00,FALSE,4,Gary Contessa,Joel Rosario,1:05.111,,,Shackleford,
8/1/18,6,MSW-NY-F,,5.5,Turf,Itsakeyper,6,6.90,FALSE,5,Thomas Albertrani,Joe Bravo,1:05.852,BEL 7/5 1,27,Brilliant Speed,
8/1/18,6,MSW-NY-F,,5.5,Turf,Accabonac Harbor,1,24.00,FALSE,6,Chris Englehart,Kendrick Carmouche,1:06.828,,,Central Banker,
8/1/18,6,MSW-NY-F,,5.5,Turf,Sassy Agnes,7,3.00,FALSE,7,Linda Rice,Manuel Franco,1:06.828,,,Central Banker,
8/1/18,6,MSW-NY-F,,5.5,Turf,Classy to D' Bone,4,47.75,FALSE,8,Gary Contessa,Dylan Davis,1:08.623,BEL 6/29 1,33,D'Funnybone,
8/3/18,1,MCL-F,,5.5,Dirt,Cassies Dreamer,4,1.35,TRUE,1,Anthony Quartarolo,"Ricardo Santana, Jr.",1:05.210,,,Flatter,
8/3/18,1,MCL-F,,5.5,Dirt,Malibu Mischief,2,5.30,FALSE,2,Gary Contessa,Junior Alvarado,1:05.563,,,Goldencents,
8/3/18,1,MCL-F,,5.5,Dirt,Whyisshesoolucky,5,7.70,FALSE,3,Alejandro Maymo,Andy Hernandez Sanchez,1:06.388,,,Lookin at Lucky,
8/3/18,1,MCL-F,,5.5,Dirt,Ballybrack Lass,1,4.30,FALSE,4,Christophe Clement,Manuel Franco,1:06.899,,,Super Saver,
8/3/18,1,MCL-F,,5.5,Dirt,Vampish,3,2.20,FALSE,5,Rudy Rodriguez,Javier Castellano,1:07.214,,,Bodemeister,
8/3/18,5,MSW-NY-F,,6,Dirt,She's Trouble,2,3.20,FALSE,1,Linda Rice,"Irad Ortiz, Jr.",1:12.260,BEL 7/15 7,19,Into Mischief,
8/3/18,5,MSW-NY-F,,6,Dirt,She Will Rock,5,3.80,FALSE,2,Steven Asmussen,"Ricardo Santana, Jr.",1:13.058,BEL 7/5 1,29,Will Take Charge,
8/3/18,5,MSW-NY-F,,6,Dirt,Mary's Girl,3,27.75,FALSE,3,Richard Schosberg,Jose Lezcano,1:13.537,,,Shanghai Bobby,
8/3/18,5,MSW-NY-F,,6,Dirt,More Mischief,4,0.75,TRUE,4,Chad Brown,Jose Ortiz,1:13.976,,,Into Mischief,
8/3/18,5,MSW-NY-F,,6,Dirt,Irish Banker,1,44.50,FALSE,5,John Mc Allen,Dale Beckner,1:14.056,,,Central Banker,
8/3/18,5,MSW-NY-F,,6,Dirt,Mom's Kisses,7,12.00,FALSE,6,Rudy Rodriguez,Luis Saez,1:14.455,,,Wilcox Inn,
8/3/18,5,MSW-NY-F,,6,Dirt,Three Birds,6,21.60,FALSE,7,Michael Lauer,David Cohen,1:18.247,BEL 5/3 1,92,Central Banker,
8/4/18,2,MSW,,7,Dirt,Casa Creed,2,6.80,FALSE,1,William Mott,Junior Alvarado,1:23.470,SAR 7/28 5,7,Jimmy Creed,
8/4/18,2,MSW,,7,Dirt,Social Paranoia,6,1.95,FALSE,2,Todd Pletcher,John Velazquez,1:23.707,BEL 7/7 1,28,Street Boss,
8/4/18,2,MSW,,7,Dirt,All American Hero,3,1.90,TRUE,3,Mark Casse,"Irad Ortiz, Jr.",1:26.038,,,Hard Spun,
8/4/18,2,MSW,,7,Dirt,Spirit Animal,7,7.40,FALSE,4,Chad Brown,Javier Castellano,1:26.078,,,Lemon Drop Kid,
8/4/18,2,MSW,,7,Dirt,Brittas Bay,1,11.20,FALSE,5,Wesley Ward,Manuel Franco,1:26.671,BEL 7/4 1,31,Scat Daddy,
8/4/18,2,MSW,,7,Dirt,Bronxville,9,9.10,FALSE,6,Raymond Handal,Kendrick Carmouche,1:27.777,BEL 7/7 1,28,He's Had Enough,
8/4/18,2,MSW,,7,Dirt,Bumperdoo,8,54.50,FALSE,7,Nicholas Zito,David Cohen,1:28.054,,,Birdstone,
8/4/18,2,MSW,,7,Dirt,Bridgetothefuture,4,29.25,FALSE,8,Antonio Arriaga,Luis Saez,1:28.054,BEL 7/8 1,27,Rattlesnake Bridge,
8/4/18,2,MSW,,7,Dirt,Golden Brew,5,28.50,FALSE,9,Rudy Rodriguez,"Ricardo Santana, Jr.",1:29.753,,,Justin Phillip,
8/4/18,7,MSW,,6,Dirt,Mucho,5,2.35,TRUE,1,William Mott,Jose Ortiz,1:10.190,BEL 6/10 1,55,Blame,
8/4/18,7,MSW,,6,Dirt,Fullness of Time,2,7.30,FALSE,2,Chad Brown,Javier Castellano,1:11.702,,,Flatter,
8/4/18,7,MSW,,6,Dirt,Justice of War,1,3.10,FALSE,3,Steven Asmussen,"Ricardo Santana, Jr.",1:11.973,,,Strong Mandate,
8/4/18,7,MSW,,6,Dirt,Moon Colony,6,7.40,FALSE,4,Mark Casse,"Irad Ortiz, Jr.",1:12.051,,,Uncle Mo,
8/4/18,7,MSW,,6,Dirt,Cousin Pete,3,6.60,FALSE,5,Todd Pletcher,John Velazquez,1:12.749,,,Yes It's True,
8/4/18,7,MSW,,6,Dirt,Fabulous Fun,7,5.10,FALSE,6,Claude McGaughey III,Joel Rosario,1:12.787,,,Distorted Humor,
8/4/18,7,MSW,,6,Dirt,Dillon Rocks,4,8.90,FALSE,7,Robert Barbara,Kendrick Carmouche,1:13.563,BEL 7/7 1,28,Paynter,
8/4/18,7,MSW,,6,Dirt,Sneads,8,53.75,FALSE,8,Nicholas Zito,David Cohen,1:15.385,,,Street Sense,
8/5/18,1,MSW-F,,5.5,Dirt,Lady T N T,6,,FALSE,1,Joe Sharp,Manuel Franco,1:04.920,CD 6/29 4,37,Justin Phillip,Ran for purse money only
8/5/18,1,MSW-F,,5.5,Dirt,Into Mystic,4,1.00,TRUE,2,Todd Pletcher,John Velazquez,1:05.780,,,Into Mischief,
8/5/18,1,MSW-F,,5.5,Dirt,Dance Club,2,7.90,FALSE,3,Claude McGaughey III,Jose Ortiz,1:06.211,,,Candy Ride (ARG),
8/5/18,1,MSW-F,,5.5,Dirt,Tweedia,3,4.40,FALSE,4,Brad Cox,Florent Geroux,1:06.484,,,Double Irish,
8/5/18,1,MSW-F,,5.5,Dirt,What a Fox,5,1.80,FALSE,5,Steven Asmussen,"Ricardo Santana, Jr.",1:07.658,,,Bernardini,
8/5/18,1,MSW-F,,5.5,Dirt,Hidden Facts,1,19.50,FALSE,6,Brian Lynch,Julien Leparoux,1:08.988,,,The Factor,
8/5/18,6,MSW-F,,7,Dirt,Slieve Mish,7,6.80,FALSE,1,Christophe Clement,Joel Rosario,1:25.630,BEL 7/4 1,32,Bernardini,
8/5/18,6,MSW-F,,7,Dirt,She's a Black Belt,1,16.30,FALSE,2,Michelle Nevin,Manuel Franco,1:25.792,BEL 6/13 2,53,Jimmy Creed,
8/5/18,6,MSW-F,,7,Dirt,Dogtag,7,0.65,TRUE,3,Chad Brown,Jose Ortiz,1:25.954,,,War Front,DQ'd and placed fourth
8/5/18,6,MSW-F,,7,Dirt,Seek and Destroy,4,4.40,FALSE,4,Chad Brown,Javier Castellano,1:25.913,,,Verrazano,
8/5/18,6,MSW-F,,7,Dirt,Irish Intuition,3,8.60,FALSE,5,Kenneth McPeek,Dylan Davis,1:26.765,ELP 7/7 7,29,Exchange Rate,
8/5/18,6,MSW-F,,7,Dirt,Royal Angel,6,39.75,FALSE,6,John Kimmel,Jose Lezcano,1:27.292,,,Cairo Prince,
8/5/18,6,MSW-F,,7,Dirt,Fortunate Girl,2,8.60,FALSE,7,Mark Casse,Florent Geroux,1:27.292,,,Hard Spun,
8/6/18,6,MSW-NY,,6,Dirt,Bustin to Be Loved,1,19.10,FALSE,1,Gary Contessa,"Irad Ortiz, Jr.",1:10.410,,,Bustin Stones,
8/6/18,6,MSW-NY,,6,Dirt,Just Right,3,12.60,FALSE,2,Todd Pletcher,John Velazquez,1:10.837,BEL 7/12 4,25,Into Mischief,
8/6/18,6,MSW-NY,,6,Dirt,Red Zinger,2,6.10,FALSE,3,Gary Contessa,Joel Rosario,1:10.837,BEL 7/14 3,23,Will Take Charge,
8/6/18,6,MSW-NY,,6,Dirt,Stop Me If You Can,4,5.60,FALSE,4,Rudy Rodriguez,Jose Ortiz,1:10.837,BEL 7/12 4,25,Giant Surprise,
8/6/18,6,MSW-NY,,6,Dirt,Oh K Funnybone,5,82.25,FALSE,5,Bruce Brown,Michael Luzzi,1:11.576,,,D'Funnybone,
8/6/18,6,MSW-NY,,6,Dirt,Internet of Things,9,6.00,FALSE,6,Chad Brown,Javier Castellano,1:11.615,,,Mineshaft,
8/6/18,6,MSW-NY,,6,Dirt,Trance,8,2.55,TRUE,7,Brad Cox,Luis Saez,1:12.160,BEL 7/12 4,25,Dialed In,
8/6/18,6,MSW-NY,,6,Dirt,London House,6,2.60,FALSE,8,Steven Asmussen,"Ricardo Santana, Jr.",1:12.588,,,Honorable Dillon,
8/6/18,6,MSW-NY,,6,Dirt,Handsome Chewy,10,29.25,FALSE,9,Marcus Vitali,David Cohen,1:13.327,GP 7/20 3,17,Handsome Mike,
8/6/18,6,MSW-NY,,6,Dirt,Three Outlaws,7,28.25,FALSE,10,Brian Lynch,Julien Leparoux,1:13.443,,,Goldencents,
8/8/18,5,MSW-NY,,9,Turf,Somelikeithotbrown,2,5.50,FALSE,1,Michael Maker,Jose Ortiz,1:44.510,SAR 7/23 4,16,Big Brown,Race scheduled for 8.5 furlongs; run at wrong distance
8/8/18,5,MSW-NY,,9,Turf,Doups Point,9,3.00,FALSE,2,Christophe Clement,Joel Rosario,1:45.814,BEL 6/30 1,39,Point of Entry,Race scheduled for 8.5 furlongs; run at wrong distance
8/8/18,5,MSW-NY,,9,Turf,Early Retirement,6,5.20,FALSE,3,David Donk,"Ricardo Santana, Jr.",1:46.058,SAR 7/23 4,16,Freud,Race scheduled for 8.5 furlongs; run at wrong distance
8/8/18,5,MSW-NY,,9,Turf,Impazible Odds,5,22.40,FALSE,4,Thomas Morley,Junior Alvarado,1:46.221,,,Mission Impazible,Race scheduled for 8.5 furlongs; run at wrong distance
8/8/18,5,MSW-NY,,9,Turf,Dashing Dan,4,19.00,FALSE,5,Michael Dilger,"Irad Ortiz, Jr.",1:46.588,,,D'Funnybone,Race scheduled for 8.5 furlongs; run at wrong distance
8/8/18,5,MSW-NY,,9,Turf,Crazy Life,1,3.00,TRUE,6,Chad Brown,Javier Castellano,1:46.629,,,Freud,Race scheduled for 8.5 furlongs; run at wrong distance
8/8/18,5,MSW-NY,,9,Turf,Pier Forty,8,3.65,FALSE,7,George Weaver,Luis Saez,1:50.092,,,City Zip,Race scheduled for 8.5 furlongs; run at wrong distance
8/8/18,5,MSW-NY,,9,Turf,The Glominator,7,29.00,FALSE,8,Ralph Nicks,Eric Cancel,1:51.560,,,Animal Kingdom,Race scheduled for 8.5 furlongs; run at wrong distance
8/8/18,5,MSW-NY,,9,Turf,Taptaptap,3,22.80,FALSE,9,David Cannizzo,Jose Lezcano,1:52.008,BEL 7/12 4,27,Yes It's True,Race scheduled for 8.5 furlongs; run at wrong distance
8/9/18,1,MSW-NY-F,,7,Dirt,Time Warp,4,5.30,FALSE,1,Kenneth McPeek,Javier Castellano,1:24.560,SAR 7/25 5,15,Cairo Prince,
8/9/18,1,MSW-NY-F,,7,Dirt,Jot,1,3.10,FALSE,2,Linda Rice,Jose Ortiz,1:25.240,,,Shackleford,
8/9/18,1,MSW-NY-F,,7,Dirt,Honorable Rose,8,7.80,FALSE,3,Jeremiah Englehart,Luis Saez,1:26.161,FL 7/23 4,17,Honorable Dillon,
8/9/18,1,MSW-NY-F,,7,Dirt,Molly's Party,6,2.00,TRUE,4,John Kimmel,Jose Lezcano,1:26.281,SAR 7/20 2,20,Desert Party,
8/9/18,1,MSW-NY-F,,7,Dirt,Ok Honey,5,15.20,FALSE,5,Timothy Hills,Dylan Davis,1:26.842,BEL 6/29 1,41,Haynesfield,
8/9/18,1,MSW-NY-F,,7,Dirt,Quietude,2,12.30,FALSE,6,Robert Ribaudo,Manuel Franco,1:27.482,,,Tapizar,
8/9/18,1,MSW-NY-F,,7,Dirt,Miss After School,7,10.10,FALSE,7,Thomas Bush,Joel Rosario,1:29.084,,,Point of Entry,
8/9/18,1,MSW-NY-F,,7,Dirt,Caralicious,3,7.30,FALSE,8,Mitchell Friedman,Junior Alvarado,1:31.406,SAR 7/20 2,20,Noble Mission (GB),
8/10/18,5,MSW-F,,5.5,Turf,Two Shakes,6,2.00,TRUE,1,Wesley Ward,Manuel Franco,1:04.390,,,Exchange Rate,
8/10/18,5,MSW-F,,5.5,Turf,Pakhet,9,6.20,FALSE,2,Todd Pletcher,Javier Castellano,1:04.397,,,Cairo Prince,DQ'd and placed 5th
8/10/18,5,MSW-F,,5.5,Turf,Devious Charm,7,14.60,FALSE,3,Mark Casse,Julien Leparoux,1:04.467,SAR 7/26 10,15,Into Mischief,
8/10/18,5,MSW-F,,5.5,Turf,Global Exchange,5,14.80,FALSE,4,James Toner,Junior Alvarado,1:04.545,,,Exchange Rate,
8/10/18,5,MSW-F,,5.5,Turf,Fierce Scarlett,3,3.75,FALSE,5,Chad Brown,Jose Ortiz,1:04.584,,,Scat Daddy,
8/10/18,5,MSW-F,,5.5,Turf,Oceans of Love,2,8.60,FALSE,6,Mark Casse,Florent Geroux,1:04.894,CD 6/15 4,56,More Than Ready,
8/10/18,5,MSW-F,,5.5,Turf,Foggy Kitten,8,8.60,FALSE,7,Wesley Ward,Joel Rosario,1:05.010,,,Kitten's Joy,
8/10/18,5,MSW-F,,5.5,Turf,Kenai Cool,4,15.10,FALSE,8,Joe Sharp,Luis Saez,1:05.670,,,Shanghai Bobby,
8/10/18,5,MSW-F,,5.5,Turf,Dance for Daddy,1,7.40,FALSE,9,H. Motion,"Irad Ortiz, Jr.",1:08.192,,,Scat Daddy,
8/10/18,10,MSW-NY,,5.5,Turf,Veterans Beach,2,9.30,FALSE,1,David Donk,Manuel Franco,1:04.560,,,Big Brown,
8/10/18,10,MSW-NY,,5.5,Turf,Waynes Footsteps,10,18.70,FALSE,2,Michael Dilger,Kendrick Carmouche,1:04.832,BEL 5/4 1,98,Central Banker,
8/10/18,10,MSW-NY,,5.5,Turf,Plebe,9,2.90,TRUE,3,David Cannizzo,Jose Lezcano,1:04.910,BEL 6/30 1,41,Midshipman,
8/10/18,10,MSW-NY,,5.5,Turf,Lost in Manhattan,6,3.25,FALSE,4,Steven Asmussen,"Ricardo Santana, Jr.",1:05.182,BEL 7/12 4,29,Freud,
8/10/18,10,MSW-NY,,5.5,Turf,Southern Brigade,1,12.30,FALSE,5,Rudy Rodriguez,Javier Castellano,1:05.299,,,Big Brown,
8/10/18,10,MSW-NY,,5.5,Turf,Ro Jo,3,18.00,FALSE,6,Dominick Schettino,Dylan Davis,1:05.532,,,Big Brown,
8/10/18,10,MSW-NY,,5.5,Turf,Wisecrack,5,4.30,FALSE,7,"Richard Violette, Jr.","Irad Ortiz, Jr.",1:05.766,,,The Factor,
8/10/18,10,MSW-NY,,5.5,Turf,Bydawnsearlylight,7,17.50,FALSE,8,Thomas Albertrani,Luis Reyes,1:05.882,,,More Than Ready,
8/10/18,10,MSW-NY,,5.5,Turf,Floyd Unger,4,7.10,FALSE,9,Jeremiah Englehart,Joe Bravo,1:06.038,,,Street Sense,
8/10/18,10,MSW-NY,,5.5,Turf,Lumberer,8,14.50,FALSE,10,Chris Englehart,Joel Rosario,1:07.983,SAR 7/27 1,14,The Lumber Guy,
8/11/18,2,MSW,,7,Dirt,Unionizer,6,8.70,FALSE,1,William Mott,Junior Alvarado,1:26.290,BEL 7/7 1,35,Union Rags,
8/11/18,2,MSW,,7,Dirt,Johny's Bobby,2,24.50,FALSE,2,Philip Bauer,Julien Leparoux,1:26.371,SAR 7/21 2,21,Hard Spun,
8/11/18,2,MSW,,7,Dirt,Southern Phantom,9,3.70,FALSE,3,Eric Guillot,Kendrick Carmouche,1:26.698,SAR 7/21 6,21,Bodemeister,
8/11/18,2,MSW,,7,Dirt,Speed App,3,3.70,FALSE,4,D. Lukas,Luis Saez,1:26.821,,,Flatter,
8/11/18,2,MSW,,7,Dirt,Chief Executive,4,0.95,TRUE,5,Todd Pletcher,Manuel Franco,1:27.147,,,Flatter,
8/11/18,2,MSW,,7,Dirt,Baffin Bay,7,9.30,FALSE,6,Todd Pletcher,Javier Castellano,1:27.719,,,Pioneerof the Nile,
8/11/18,2,MSW,,7,Dirt,Laughing Fox,1,27.50,FALSE,7,Ron Moquett,Jose Lezcano,1:27.842,,,Union Rags,
8/11/18,2,MSW,,7,Dirt,Exchequer,8,6.70,FALSE,8,Steven Asmussen,"Ricardo Santana, Jr.",1:29.190,,,Exchange Rate,
8/11/18,2,MSW,,7,Dirt,Preacher Marsee,5,12.80,FALSE,9,Michael Maker,Joe Bravo,1:31.233,,,Bernardini,
8/11/18,3,GRD,Adirondack S.,6.5,Dirt,Sue's Fortune,6,3.55,FALSE,1,Jeremiah Englehart,Junior Alvarado,1:19.830,BEL 7/5 1,37,Jump Start,
8/11/18,3,GRD,Adirondack S.,6.5,Dirt,Virginia Eloise,5,2.15,FALSE,2,Todd Pletcher,Javier Castellano,1:19.911,BEL 7/4 1,38,Curlin,
8/11/18,3,GRD,Adirondack S.,6.5,Dirt,Guacamole,2,9.30,FALSE,3,Todd Pletcher,Luis Saez,1:20.277,SAR 7/26 10,16,Flat Out,
8/11/18,3,GRD,Adirondack S.,6.5,Dirt,Mucho Amor,1,10.30,FALSE,4,Wesley Ward,Manuel Franco,1:21.458,KEE 4/26 4,107,Mucho Macho Man,
8/11/18,3,GRD,Adirondack S.,6.5,Dirt,Lyrical Lady,3,1.40,TRUE,5,Steven Asmussen,"Ricardo Santana, Jr.",1:22.516,SAR 7/20 5,22,More Than Ready,
8/11/18,3,GRD,Adirondack S.,6.5,Dirt,Grandma Gertie,4,14.50,FALSE,6,"Edward Coletti, Jr.",Mychel Sanchez,1:24.877,PRX 7/9 1,33,Uptowncharlybrown,
8/11/18,4,MSW,,7,Dirt,Cairo Cat,5,18.10,FALSE,1,Kenneth McPeek,David Cohen,1:26.580,SAR 7/21 2,21,Cairo Prince,
8/11/18,4,MSW,,7,Dirt,Teachable Moment,6,1.35,TRUE,2,Chad Brown,Javier Castellano,1:26.596,BEL 7/8 1,34,More Than Ready,
8/11/18,4,MSW,,7,Dirt,Opry,2,4.80,FALSE,3,Todd Pletcher,Manuel Franco,1:26.661,,,Declaration of War,
8/11/18,4,MSW,,7,Dirt,Twelfthofneverland,3,16.00,FALSE,4,Raymond Handal,Dylan Davis,1:26.702,BEL 7/7 1,35,Istan,
8/11/18,4,MSW,,7,Dirt,Starting Point,8,2.55,FALSE,5,William Mott,Luis Saez,1:27.317,,,Paynter,
8/11/18,4,MSW,,7,Dirt,Majestic Hero,4,18.00,FALSE,6,William Mott,Junior Alvarado,1:28.793,SAR 7/21 6,21,Majestic Warrior,
8/11/18,4,MSW,,7,Dirt,Agitator,7,35.50,FALSE,7,Nicholas Zito,Eric Cancel,1:28.834,,,Lemon Drop Kid,
8/11/18,4,MSW,,7,Dirt,Winning Factor,1,6.90,FALSE,8,Robert Barbara,Kendrick Carmouche,1:29.408,BEL 7/8 1,34,The Factor,
8/11/18,6,MSW,,7,Dirt,Network Effect,2,8.60,FALSE,1,Chad Brown,Javier Castellano,1:24.620,,,Mark Valeski,
8/11/18,6,MSW,,7,Dirt,Derby Date,5,6.30,FALSE,2,D. Lukas,Luis Saez,1:25.100,SAR 7/28 5,14,Will Take Charge,
8/11/18,6,MSW,,7,Dirt,Road Home,4,2.35,TRUE,3,William Mott,Junior Alvarado,1:25.621,BEL 7/7 1,35,Quality Road,
8/11/18,6,MSW,,7,Dirt,Empire of War,6,3.45,FALSE,4,Todd Pletcher,Manuel Franco,1:25.661,,,Declaration of War,
8/11/18,6,MSW,,7,Dirt,Chase and Colorado,3,14.20,FALSE,5,Todd Pletcher,"Ricardo Santana, Jr.",1:26.903,,,Tapit,
8/11/18,6,MSW,,7,Dirt,A Thread of Blue,7,3.15,FALSE,6,Kiaran McLaughlin,Joe Bravo,1:27.905,,,Hard Spun,
8/11/18,6,MSW,,7,Dirt,Americano,8,8.40,FALSE,7,William Mott,Julien Leparoux,1:28.746,,,Tiznow,
8/11/18,6,MSW,,7,Dirt,Grassetto,1,42.50,FALSE,8,Nicholas Zito,David Cohen,1:30.429,,,Uncle Mo,
8/12/18,5,MSW-F,,7,Dirt,Brucia La Terra,5,9.00,FALSE,1,Barclay Tagg,Manuel Franco,1:24.080,,,El Padrino,
8/12/18,5,MSW-F,,7,Dirt,Toy Moon,1,3.30,FALSE,2,Mark Casse,Julien Leparoux,1:24.677,SAR 7/22 2,21,Malibu Moon,
8/12/18,5,MSW-F,,7,Dirt,Multi Strategy,4,2.00,FALSE,3,Chad Brown,Jose Ortiz,1:25.154,,,Scat Daddy,
8/12/18,5,MSW-F,,7,Dirt,Teletype,2,1.85,TRUE,4,William Mott,Junior Alvarado,1:26.468,SAR 7/20 5,23,Data Link,
8/12/18,5,MSW-F,,7,Dirt,Senda,3,4.50,FALSE,5,William Mott,Joel Rosario,1:26.906,,,Scat Daddy,
8/12/18,6,MSW-F,,6.5,Dirt,Feedback,3,2.70,FALSE,1,Chad Brown,"Irad Ortiz, Jr.",1:16.330,,,Violence,
8/12/18,6,MSW-F,,6.5,Dirt,Takecharge Mirella,4,8.90,FALSE,2,Kiaran McLaughlin,Joe Bravo,1:17.575,,,Take Charge Indy,
8/12/18,6,MSW-F,,6.5,Dirt,She's Got It All,2,9.70,FALSE,3,D. Lukas,Luis Saez,1:18.353,SAR 7/20 5,23,Warrior's Reward,
8/12/18,6,MSW-F,,6.5,Dirt,Dovey Lovey,9,45.75,FALSE,4,Gary Contessa,Junior Alvarado,1:18.431,,,Include,
8/12/18,6,MSW-F,,6.5,Dirt,Lady Apple,5,1.80,TRUE,5,Steven Asmussen,"Ricardo Santana, Jr.",1:18.820,SAR 7/20 8,23,Curlin,
8/12/18,6,MSW-F,,6.5,Dirt,Winandyourin Gin,1,9.50,FALSE,6,Mark Casse,Florent Geroux,1:19.093,SAR 7/20 5,23,Into Mischief,
8/12/18,6,MSW-F,,6.5,Dirt,Wild Moment,7,29.75,FALSE,7,Ron Moquett,Manuel Franco,1:19.171,,,Medaglia d'Oro,
8/12/18,6,MSW-F,,6.5,Dirt,Hollywood Glory,6,9.30,FALSE,8,Mark Hennig,Javier Castellano,1:19.755,,,Maclean's Music,
8/12/18,6,MSW-F,,6.5,Dirt,Kiska,8,6.90,FALSE,9,Todd Pletcher,John Velazquez,1:20.494,,,Into Mischief,
8/12/18,8,GRD,Saratoga Special S,6.5,Dirt,Call Paul,2,0.85,TRUE,1,Jason Servis,"Irad Ortiz, Jr.",1:16.550,DEL 7/5 3,38,Friesan Fire,
8/12/18,8,GRD,Saratoga Special S.,6.5,Dirt,Tight Ten,4,1.55,FALSE,2,Steven Asmussen,"Ricardo Santana, Jr.",1:16.706,CD 6/28 5,45,Tapit,
8/12/18,8,GRD,Saratoga Special S.,6.5,Dirt,Spinoff,3,7.00,FALSE,3,Todd Pletcher,John Velazquez,1:16.979,GP 6/23 8,50,Hard Spun,
8/12/18,8,GRD,Saratoga Special S.,6.5,Dirt,Meade,1,5.80,FALSE,4,Todd Pletcher,Jose Ortiz,1:17.721,BEL 7/7 1,36,Street Sense,
8/12/18,10,MSW-F,,7,Dirt,Sippican Harbor,4,1.80,TRUE,1,Gary Contessa,Joel Rosario,1:23.550,SAR 7/22 2,21,Orb,
8/12/18,10,MSW-F,,7,Dirt,Girl At War (IRE),1,4.90,FALSE,2,Mark Casse,Florent Geroux,1:26.240,GP 6/23 7,50,Declaration of War,
8/12/18,10,MSW-F,,7,Dirt,Dizzy,3,5.60,FALSE,3,Rudy Rodriguez,"Irad Ortiz, Jr.",1:26.596,BEL 7/4 1,39,Curlin,
8/12/18,10,MSW-F,,7,Dirt,Ayers Rock,5,2.40,FALSE,4,Todd Pletcher,John Velazquez,1:26.873,,,More Than Ready,
8/12/18,10,MSW-F,,7,Dirt,Princesa Carolina,2,3.45,FALSE,5,Kenneth McPeek,"Ricardo Santana, Jr.",1:27.189,,,Tapit,
8/13/18,4,MSW,,5.5,Turf,Fog of War,5,2.40,FALSE,1,Chad Brown,Javier Castellano,1:03.920,,,War Front,
8/13/18,4,MSW,,5.5,Turf,All About It,8,7.10,FALSE,2,George Weaver,Eric Cancel,1:03.958,,,Violence,
8/13/18,4,MSW,,5.5,Turf,Current,3,7.30,FALSE,3,Todd Pletcher,John Velazquez,1:04.305,,,Curlin,
8/13/18,4,MSW,,5.5,Turf,Seismic Jolt,9,1.90,TRUE,4,Mark Casse,Tyler Gaffalione,1:05.075,,,Kantharos,
8/13/18,4,MSW,,5.5,Turf,Love Point,6,33.25,FALSE,5,Ian Wilkes,Julien Leparoux,1:05.114,,,Point of Entry,
8/13/18,4,MSW,,5.5,Turf,Skychief,7,10.80,FALSE,6,Michael Maker,Luis Saez,1:05.306,IND 6/27 5,47,More Than Ready,
8/13/18,4,MSW,,5.5,Turf,Fayette Warrior,4,9.10,FALSE,7,Wesley Ward,Manuel Franco,1:05.383,,,Exchange Rate,
8/13/18,4,MSW,,5.5,Turf,Baggins,1,13.20,FALSE,8,Rudy Rodriguez,"Irad Ortiz, Jr.",1:05.923,SAR 7/28 1,16,City Zip,
8/13/18,4,MSW,,5.5,Turf,Hubba Bubba,2,29.00,FALSE,9,David Cannizzo,"Ricardo Santana, Jr.",1:06.000,,,Exchange Rate,
8/15/18,2,MSW-NY-F,,6,Dirt,Elegant Zip,6,0.85,TRUE,1,David Donk,Manuel Franco,1:10.650,SAR 7/25 5,21,Run Away and Hide,
8/15/18,2,MSW-NY-F,,6,Dirt,Tossup,3,1.55,FALSE,2,"Richard Violette, Jr.",Jose Ortiz,1:10.767,BEL 7/15 7,31,Pioneerof the Nile,
8/15/18,2,MSW-NY-F,,6,Dirt,Miss Flambe,5,14.70,FALSE,3,Dominick Schettino,Kendrick Carmouche,1:12.484,,,Alpha,
8/15/18,2,MSW-NY-F,,6,Dirt,Irish Banker,4,22.70,FALSE,4,John Mc Allen,Pablo Fragoso,1:13.342,SAR 8/3 5,12,Central Banker,
8/15/18,2,MSW-NY-F,,6,Dirt,Three Birds,2,29.75,FALSE,5,Michael Lauer,Eric Cancel,1:13.498,SAR 8/3 5,12,Central Banker,
8/15/18,2,MSW-NY-F,,6,Dirt,Mimic,1,10.30,FALSE,6,Rudy Rodriguez,"Irad Ortiz, Jr.",1:13.577,,,Friesan Fire,
8/15/18,2,MSW-NY-F,,6,Dirt,Margie Cat,7,19.30,FALSE,7,Gary Sciacca,Luis Reyes,1:13.733,,,Mission Impazible,
8/15/18,5,MSW-NY-F,,6,Dirt,Shesasuperfreak,8,12.60,FALSE,1,Alejandro Maymo,Eric Cancel,1:10.860,,,Shanghai Bobby,
8/15/18,5,MSW-NY-F,,6,Dirt,Heartbustingirl,5,9.10,FALSE,2,David Cannizzo,"Ricardo Santana, Jr.",1:12.543,,,Bustin Stones,
8/15/18,5,MSW-NY-F,,6,Dirt,Don't Tell Addie,7,5.00,FALSE,3,Steve Hobby,Florent Geroux,1:13.482,,,Big Brown,
8/15/18,5,MSW-NY-F,,6,Dirt,Charming Cara,6,19.50,FALSE,4,Mitchell Friedman,Junior Alvarado,1:13.874,,,Central Banker,
8/15/18,5,MSW-NY-F,,6,Dirt,Salt Hay Bay,1,5.80,FALSE,5,Rudy Rodriguez,"Irad Ortiz, Jr.",1:13.913,,,Big Brown,
8/15/18,5,MSW-NY-F,,6,Dirt,D's Sis,4,4.50,FALSE,6,Bruce Levine,Kendrick Carmouche,1:14.461,,,City Zip,
8/15/18,5,MSW-NY-F,,6,Dirt,Nova Girl,9,5.50,FALSE,7,Arthur Magnuson,Manuel Franco,1:14.500,,,Boys at Tosconova,
8/15/18,5,MSW-NY-F,,6,Dirt,Big Brown Cat,2,3.55,TRUE,8,Gary Gullo,Joel Rosario,1:17.396,SAR 7/20 2,26,Big Brown,
8/15/18,5,MSW-NY-F,,6,Dirt,Bull Feathers,3,8.30,FALSE,9,Philip Gleaves,Rajiv Maragh,1:18.610,SAR 7/25 5,21,With Distinction,
8/15/18,9,STK-F,Bolton Landing S.,5.5,Turf,Stillwater Cove,6,10.20,FALSE,1,Wesley Ward,"Irad Ortiz, Jr.",1:03.260,ASC 6/22 ,54,Quality Road,
8/15/18,9,STK-F,Bolton Landing S.,5.5,Turf,Chelsea Cloisters,3,1.95,FALSE,2,Wesley Ward,John Velazquez,1:03.526,DEA 7/3,43,First Samurai,
8/15/18,9,STK-F,Bolton Landing S.,5.5,Turf,Elsa,5,1.20,TRUE,3,Michael Stidham,Joe Bravo,1:03.717,LRL 7/20 3,26,Animal Kingdom,
8/15/18,9,STK-F,Bolton Landing S.,5.5,Turf,Fightress,4,18.80,FALSE,4,Norm Casse,Julien Leparoux,1:04.060,SAR 7/20 8,26,Tapizar,
8/15/18,9,STK-F,Bolton Landing S.,5.5,Turf,Drynachan,2,3.35,FALSE,5,Chad Brown,Javier Castellano,1:04.174,SAR 7/20 2,26,City Zip,
8/15/18,9,STK-F,Bolton Landing S.,5.5,Turf,Avocado Toast,1,29.25,FALSE,6,Thomas Albertrani,Angel Arroyo,1:05.318,MTH 7/8 6,38,Big Drama,
8/16/18,4,MSW-NY-F,,5.5,Turf,Tradeable,4,2.50,TRUE,1,John Hertler,Julien Leparoux,1:04.620,SAR 8/1 6,15,Exchange Rate,
8/16/18,4,MSW-NY-F,,5.5,Turf,Kitty's Legacy,2,6.70,FALSE,2,Bruce Levine,Joel Rosario,1:04.635,,,Freud,
8/16/18,4,MSW-NY-F,,5.5,Turf,Zip It Jess,3,5.80,FALSE,3,John Tebbutt,Joe Bravo,1:05.048,,,City Zip,
8/16/18,4,MSW-NY-F,,5.5,Turf,Sander's Empire,5,22.60,FALSE,4,Edmund Pringle,Junior Alvarado,1:05.126,,,Soaring Empire,
8/16/18,4,MSW-NY-F,,5.5,Turf,Rossby,1,16.60,FALSE,5,Carlos Martin,Kendrick Carmouche,1:05.554,,,Courageous Cat,
8/16/18,4,MSW-NY-F,,5.5,Turf,Two Cent Tootsie,7,19.10,FALSE,6,Thomas Albertrani,David Cohen,1:05.593,,,Big Brown,
8/16/18,4,MSW-NY-F,,5.5,Turf,Love and Love,6,3.75,FALSE,7,Michael Miceli,Luis Saez,1:05.710,BEL 6/29 1,48,Goldencents,
8/16/18,4,MSW-NY-F,,5.5,Turf,Ruvies in Time,9,3.70,FALSE,8,Richard Schosberg,"Ricardo Santana, Jr.",1:05.982,SAR 7/25 5,22,The Factor,
8/16/18,4,MSW-NY-F,,5.5,Turf,Devil's Flair,8,14.90,FALSE,9,James Ryerson,Jose Lezcano,1:06.839,,,Teuflesberg,
8/16/18,9,MSW-NY-F,,5.5,Turf,Andarta,1,5.30,FALSE,1,Thomas Albertrani,Luis Reyes,1:03.550,SAR 7/20 2,27,Declaration of War,
8/16/18,9,MSW-NY-F,,5.5,Turf,Mike's Girl,6,2.25,TRUE,2,Steven Asmussen,"Ricardo Santana, Jr.",1:03.664,SAR 7/20 2,27,Scat Daddy,
8/16/18,9,MSW-NY-F,,5.5,Turf,Espresso Shot,2,2.65,FALSE,3,Jorge Abreu,"Irad Ortiz, Jr.",1:03.779,,,Mission Impazible,
8/16/18,9,MSW-NY-F,,5.5,Turf,Plink Freud,4,10.00,FALSE,4,Thomas Bush,Jose Lezcano,1:03.894,,,Freud,
8/16/18,9,MSW-NY-F,,5.5,Turf,Trumpit,3,30.50,FALSE,5,Gary Gullo,David Cohen,1:04.162,,,Super Saver,
8/16/18,9,MSW-NY-F,,5.5,Turf,Alphabetting,8,13.30,FALSE,6,Gary Contessa,Joel Rosario,1:04.890,,,Alpha,
8/16/18,9,MSW-NY-F,,5.5,Turf,Mineshaft Blues,9,10.20,FALSE,7,Philip Gleaves,Rajiv Maragh,1:05.043,,,Mineshaft,
8/16/18,9,MSW-NY-F,,5.5,Turf,Docs Way,5,5.80,FALSE,8,Todd Beattie,Jose Ortiz,1:05.541,,,Tizway,
8/16/18,9,MSW-NY-F,,5.5,Turf,Lady Day,7,32.00,FALSE,9,James Ferraro,Luis Saez,1:07.341,,,Teuflesberg,
8/17/18,5,MSW-NY,,6,Dirt,Frosted Ice,5,5.50,FALSE,1,Ron Moquett,"Ricardo Santana, Jr.",1:11.620,SAR 7/27 1,21,Bellamy Road,
8/17/18,5,MSW-NY,,6,Dirt,Steam Engine,9,2.10,TRUE,2,Brad Cox,Luis Saez,1:12.490,,,Mineshaft,
8/17/18,5,MSW-NY,,6,Dirt,Kadens Courage,4,9.10,FALSE,3,Rudy Rodriguez,"Irad Ortiz, Jr.",1:13.756,,,Frost Giant,
8/17/18,5,MSW-NY,,6,Dirt,Kosciuszko,3,10.80,FALSE,4,Patrick Quick,Junior Alvarado,1:14.112,,,Smart Bid,
8/17/18,5,MSW-NY,,6,Dirt,The Grand Canal,6,2.50,FALSE,5,Linda Rice,Jose Ortiz,1:14.152,SAR 7/27 1,21,Bullet Train (GB),
8/17/18,5,MSW-NY,,6,Dirt,Icey Cash,2,15.80,FALSE,6,Dominick Schettino,Javier Castellano,1:14.982,,,Currency Swap,
8/17/18,5,MSW-NY,,6,Dirt,Cozzy's Posse,1,7.70,FALSE,7,Charlton Baker,Manuel Franco,1:14.982,,,Posse,
8/17/18,5,MSW-NY,,6,Dirt,Center City,7,15.10,FALSE,8,Russell Cash,Kendrick Carmouche,1:16.367,SAR 7/27 1,21,Heavy Breathing,
8/17/18,5,MSW-NY,,6,Dirt,Awesome Adversary,8,61.75,FALSE,9,Mitchell Friedman,Michael Luzzi,1:20.640,,,Awesome Again,
8/17/18,9,STK,Skidmore S.,5.5,Turf,Chattel,4,22.50,FALSE,1,Brandon McFarlane,Kendrick Carmouche,1:03.510,LRL 7/13 8,35,Giant Oak,
8/17/18,9,STK,Skidmore S.,5.5,Turf,Swamp Rat,6,3.05,FALSE,2,Philip Gleaves,Julien Leparoux,1:04.007,BEL 6/17 5,61,Hat Trick (JPN),
8/17/18,9,STK,Skidmore S.,5.5,Turf,Good Good,5,7.50,FALSE,3,Todd Pletcher,John Velazquez,1:04.160,GP 6/30 7,48,Quality Road,
8/17/18,9,STK,Skidmore S.,5.5,Turf,Gins and Tins,2,11.80,FALSE,4,Wesley Ward,Eric Cancel,1:04.160,MTH 7/14 6,34,Scat Daddy,
8/17/18,9,STK,Skidmore S.,5.5,Turf,Carter Cat,7,7.10,FALSE,5,Steven Asmussen,Luis Saez,1:04.275,SAR 7/28 1,20,Tale of the Cat,
8/17/18,9,STK,Skidmore S.,5.5,Turf,Sir Truebadour,9,2.75,TRUE,6,Steven Asmussen,"Ricardo Santana, Jr.",1:04.466,CD 6/30 11,48,More Than Ready,
8/17/18,9,STK,Skidmore S.,5.5,Turf,Chase Greatness,8,5.40,FALSE,7,Horacio DePaz,Jose Ortiz,1:04.581,SAR 7/21 9,27,More Than Ready,
8/17/18,9,STK,Skidmore S.,5.5,Turf,Yes and Yes,1,5.80,FALSE,8,Philip Gleaves,Rajiv Maragh,1:04.696,BEL 5/25 2,84,Sidney's Candy,
8/17/18,9,STK,Skidmore S.,5.5,Turf,Stayonthegrind,3,54.50,FALSE,9,James Ferraro,Junior Alvarado,1:05.270,IND 6/27 5,51,Birdstone,
8/18/18,2,MSW,,7,Dirt,Standard Deviation,6,0.45,TRUE,1,Chad Brown,Javier Castellano,1:25.670,,,Curlin,
8/18/18,2,MSW,,7,Dirt,Vineyard Sound,1,15.20,FALSE,2,Michael Dilger,Kendrick Carmouche,1:26.116,,,Stormy Atlantic,
8/18/18,2,MSW,,7,Dirt,Malthael,2,6.20,FALSE,3,Christophe Clement,David Cohen,1:27.130,,,Noble Mission (GB),
8/18/18,2,MSW,,7,Dirt,My America,4,8.80,FALSE,4,"George Arnold, II",Jose Lezcano,1:27.292,SAR 7/28 1,21,Medaglia d'Oro,
8/18/18,2,MSW,,7,Dirt,Goose Drank Wine,5,12.50,FALSE,5,"George Arnold, II",Julien Leparoux,1:29.523,,,Oxbow,
8/18/18,2,MSW,,7,Dirt,Honey Won't,3,5.70,FALSE,6,William Mott,Junior Alvarado,1:29.726,,,Soldat,
8/18/18,4,MSW,,6,Dirt,Endorsed,4,8.30,FALSE,1,Kiaran McLaughlin,Joe Bravo,1:11.220,,,Medaglia d'Oro,
8/18/18,4,MSW,,6,Dirt,Ahead of Plan,7,1.45,TRUE,2,Chad Brown,Javier Castellano,1:11.259,,,Big Drama,
8/18/18,4,MSW,,6,Dirt,Principled,2,3.35,FALSE,3,Todd Pletcher,John Velazquez,1:12.006,,,Medaglia d'Oro,
8/18/18,4,MSW,,6,Dirt,Borracho,6,11.60,FALSE,4,"George Arnold, II",Jose Lezcano,1:12.714,SAR 7/28 5,21,Uncle Mo,
8/18/18,4,MSW,,6,Dirt,He's the Souperwon,5,5.30,FALSE,5,Mark Casse,"Irad Ortiz, Jr.",1:13.344,SAR 7/28 1,21,Super Saver,
8/18/18,4,MSW,,6,Dirt,Larceny,3,10.90,FALSE,6,Brian Lynch,Julien Leparoux,1:13.344,BEL 7/7 1,42,Tale of the Cat,
8/18/18,4,MSW,,6,Dirt,Cromwell Avenue,8,16.70,FALSE,7,John Kimmel,David Cohen,1:13.777,SAR 7/21 6,28,Flashback,
8/18/18,4,MSW,,6,Dirt,Pointer View,1,31.50,FALSE,8,Anthony Dutrow,Manuel Franco,1:14.524,,,Paynter,
8/18/18,4,MSW,,6,Dirt,High Sheriff,9,21.80,FALSE,9,D. Lukas,Luis Saez,1:16.845,SAR 7/21 2,28,Colonel John,
8/18/18,6,MSW,,6,Dirt,Code of Honor,2,6.50,FALSE,1,Claude McGaughey III,John Velazquez,1:11.420,,,Noble Mission (GB),
8/18/18,6,MSW,,6,Dirt,Wild Medagliad'oro,5,0.75,TRUE,2,Mark Casse,"Irad Ortiz, Jr.",1:11.656,SAR 7/28 5,21,Medaglia d'Oro,
8/18/18,6,MSW,,6,Dirt,U R Not So Bad,7,9.60,FALSE,3,Kiaran McLaughlin,Jose Ortiz,1:12.485,,,Into Mischief,
8/18/18,6,MSW,,6,Dirt,Quick Entry,9,17.60,FALSE,4,Ian Wilkes,Rajiv Maragh,1:12.485,,,Point of Entry,
8/18/18,6,MSW,,6,Dirt,Claytnthelionheart,1,26.25,FALSE,5,Philip Bauer,"Ricardo Santana, Jr.",1:13.076,,,Declaration of War,
8/18/18,6,MSW,,6,Dirt,Kentucky Wildcat,4,12.50,FALSE,6,Thomas Albertrani,Joe Bravo,1:13.708,,,Tapit,
8/18/18,6,MSW,,6,Dirt,Firery Tale,6,19.50,FALSE,7,Barclay Tagg,Junior Alvarado,1:13.787,,,Tale of Ekati,
8/18/18,6,MSW,,6,Dirt,Most Mischief,3,5.50,FALSE,8,W. Calhoun,Kendrick Carmouche,1:13.905,SAR 7/21 6,28,Into Mischief,
8/18/18,6,MSW,,6,Dirt,Pantherus Leo,8,29.75,FALSE,9,D. Lukas,Luis Saez,1:14.852,,,Discreet Cat,
8/19/18,5,MSW-F,,8.5,Turf,Newspaperofrecord (IRE),4,1.50,TRUE,1,Chad Brown,"Irad Ortiz, Jr.",1:46.960,,,Lope de Vega (IRE),
8/19/18,5,MSW-F,,8.5,Turf,Sister Kitten,5,5.00,FALSE,2,Chad Brown,Jose Ortiz,1:48.086,,,Kitten's Joy,
8/19/18,5,MSW-F,,8.5,Turf,Alasaayil,3,13.00,FALSE,3,Kiaran McLaughlin,Jose Lezcano,1:48.503,,,Hard Spun,
8/19/18,5,MSW-F,,8.5,Turf,Traipsing,7,29.25,FALSE,4,Christophe Clement,David Cohen,1:48.628,,,Stroll,
8/19/18,5,MSW-F,,8.5,Turf,Shannon's Girl,2,3.60,FALSE,5,Rudy Rodriguez,Luis Saez,1:48.628,BEL 7/6 4,44,Orb,
8/19/18,5,MSW-F,,8.5,Turf,Heroic Activist,1,11.60,FALSE,6,Jorge Abreu,"Ricardo Santana, Jr.",1:48.920,,,Declaration of War,
8/19/18,5,MSW-F,,8.5,Turf,Downstream,10,31.00,FALSE,7,Michelle Nevin,Manuel Franco,1:49.170,,,City Zip,
8/19/18,5,MSW-F,,8.5,Turf,Tip At Tapit,9,7.20,FALSE,8,James Toner,John Velazquez,1:49.212,,,Tapit,
8/19/18,5,MSW-F,,8.5,Turf,Excuse My Charisma,6,19.90,FALSE,9,Thomas Morley,Kendrick Carmouche,1:49.962,,,Pioneerof the Nile,
8/19/18,5,MSW-F,,8.5,Turf,Pagalo in Avanti,8,33.75,FALSE,10,Anthony Quartarolo,Eric Cancel,1:54.050,,,Orb,
8/19/18,7,MSW-F,,6,Dirt,It Justhitthe Wire,1,16.30,FALSE,1,Kiaran McLaughlin,Junior Alvarado,1:11.560,,,Bernardini,DQ'd and placed 3rd
8/19/18,7,MSW-F,,6,Dirt,Two Dozen Roses,5,3.70,FALSE,2,Todd Pletcher,John Velazquez,1:11.599,SAR 7/22 2,28,Super Saver,
8/19/18,7,MSW-F,,6,Dirt,Shanghai Bonnie,4,17.20,FALSE,3,"James Lawrence, II",Kendrick Carmouche,1:11.639,,,Shanghai Bobby,
8/19/18,7,MSW-F,,6,Dirt,Filly Joel,6,11.00,FALSE,4,Rudy Rodriguez,"Irad Ortiz, Jr.",1:11.836,,,Dialed In,
8/19/18,7,MSW-F,,6,Dirt,Mo Wheels Up,2,1.00,TRUE,5,Joe Sharp,Luis Saez,1:12.271,,,Uncle Mo,
8/19/18,7,MSW-F,,6,Dirt,Flatter My Heart,8,9.00,FALSE,6,Steven Asmussen,"Ricardo Santana, Jr.",1:13.180,,,Flatter,
8/19/18,7,MSW-F,,6,Dirt,China Cat,9,9.10,FALSE,7,Jeremiah Englehart,Jose Ortiz,1:13.378,,,Justin Phillip,
8/19/18,7,MSW-F,,6,Dirt,Gracetown,7,25.50,FALSE,8,Michelle Nevin,Manuel Franco,1:13.892,,,Into Mischief,
8/19/18,7,MSW-F,,6,Dirt,Private Beach,3,17.20,FALSE,9,Anthony Dutrow,Florent Geroux,1:16.105,,,Malibu Moon,
8/20/18,4,MSW-F,,5.5,Turf,Concrete Rose,1,12.20,FALSE,1,"George Arnold, II",Jose Lezcano,1:03.460,,,Twirling Candy,
8/20/18,4,MSW-F,,5.5,Turf,Introduced,5,4.20,FALSE,2,Alan Goldberg,Jose Ortiz,1:03.727,,,El Padrino,
8/20/18,4,MSW-F,,5.5,Turf,Perfect Kind,3,15.10,FALSE,3,H. Motion,Junior Alvarado,1:04.454,,,Noble Mission (GB),
8/20/18,4,MSW-F,,5.5,Turf,Jo Jo Air,10,1.75,TRUE,4,Wesley Ward,Julio Garcia,1:04.721,,,Scat Daddy,
8/20/18,4,MSW-F,,5.5,Turf,Musical Lute,7,10.80,FALSE,5,Jorge Abreu,Manuel Franco,1:04.913,,,Midnight Lute,
8/20/18,4,MSW-F,,5.5,Turf,Miss Hanna Jo,9,6.10,FALSE,6,Chad Brown,Javier Castellano,1:04.989,,,More Than Ready,
8/20/18,4,MSW-F,,5.5,Turf,Temperance,6,10.70,FALSE,7,John Stephens,Jose Ferrer,1:05.142,,,The Factor,
8/20/18,4,MSW-F,,5.5,Turf,It's a Shaw Thing,8,54.00,FALSE,8,Edward Barker,David Cohen,1:05.869,,,Warrior's Reward,
8/20/18,4,MSW-F,,5.5,Turf,Super Simple,4,6.20,FALSE,9,Steven Asmussen,"Ricardo Santana, Jr.",1:06.328,SAR 7/26 10,25,Super Saver,
8/20/18,4,MSW-F,,5.5,Turf,Irish Hustle,2,26.25,FALSE,10,W. Calhoun,Kendrick Carmouche,1:06.328,,,Data Link,
8/22/18,3,MSW,,5.5,Dirt,Achilles Warrior,5,2.85,FALSE,1,Mark Hennig,Javier Castellano,1:04.980,,,Warrior's Reward,
8/22/18,3,MSW,,5.5,Dirt,Tapizars Secret,1,6.10,FALSE,2,Wesley Ward,"Ricardo Santana, Jr.",1:05.371,,,Tapizar,
8/22/18,3,MSW,,5.5,Dirt,Halladay,2,1.55,TRUE,3,Todd Pletcher,John Velazquez,1:05.880,SAR 7/28 1,25,War Front,
8/22/18,3,MSW,,5.5,Dirt,Vehement,4,20.30,FALSE,4,William Mott,Junior Alvarado,1:06.233,,,War Front,
8/22/18,3,MSW,,5.5,Dirt,Stroll Daddy,6,3.00,FALSE,5,Joe Sharp,Luis Saez,1:06.311,SAR 7/28 1,25,Stroll,
8/22/18,3,MSW,,5.5,Dirt,Gearhead,3,12.50,FALSE,6,Michael Trombetta,Jose Ortiz,1:07.133,,,City Zip,
8/22/18,3,MSW,,5.5,Dirt,Sky's Son,7,29.75,FALSE,7,Thomas Albertrani,Luis Reyes,1:08.151,,,He's Had Enough,
8/22/18,10,MCL-F,,6,Dirt,Jazzy J,7,12.80,FALSE,1,Alejandro Maymo,Eric Cancel,1:13.400,BEL 7/6 4,47,Shanghai Bobby,
8/22/18,10,MCL-F,,6,Dirt,Bel Cuore,3,10.30,FALSE,2,Michelle Nevin,Manuel Franco,1:14.048,,,Alpha,
8/22/18,10,MCL-F,,6,Dirt,Wild Type,4,2.75,TRUE,3,Eddie Kenneally,Jose Ortiz,1:14.210,SAR 7/20 5,33,Successful Appeal,
8/22/18,10,MCL-F,,6,Dirt,Karabessa,9,36.00,FALSE,4,Gregory DiPrima,Dylan Davis,1:14.210,,,Field Commission,
8/22/18,10,MCL-F,,6,Dirt,Bizness Beauty,1,19.50,FALSE,5,Gary Contessa,Joel Rosario,1:14.373,,,Fed Biz,
8/22/18,10,MCL-F,,6,Dirt,Change of Control,10,4.50,FALSE,6,Chad Brown,Javier Castellano,1:14.575,,,Fed Biz,
8/22/18,10,MCL-F,,6,Dirt,Sister Emily,6,41.25,FALSE,7,Dominick Schettino,Michael Luzzi,1:15.427,,,Flammabull,
8/22/18,10,MCL-F,,6,Dirt,Flion Lynn Lion,8,4.30,FALSE,8,Wesley Ward,"Ricardo Santana, Jr.",1:15.630,CD 5/18 5,96,Wilburn,
8/22/18,10,MCL-F,,6,Dirt,The Leeman Dinner,5,11.80,FALSE,9,Rudy Rodriguez,"Irad Ortiz, Jr.",1:15.670,,,Cairo Prince,
8/22/18,10,MCL-F,,6,Dirt,No Limit Babe,2,3.50,FALSE,10,Kiaran McLaughlin,Luis Saez,1:17.535,BEL 5/24 2,90,Artie Schiller,
8/23/18,3,MCL,,6,Dirt,The Sicarii,2,2.10,TRUE,1,Anthony Quartarolo,"Ricardo Santana, Jr.",1:11.100,SAR 7/30 5,24,Violence,
8/23/18,3,MCL,,6,Dirt,Family Biz,6,15.30,FALSE,2,Edward Barker,Junior Alvarado,1:11.296,,,Fed Biz,
8/23/18,3,MCL,,6,Dirt,Handsome Chewy,1,2.15,FALSE,3,Marcus Vitali,Manuel Franco,1:12.003,SAR 8/6 6,17,Handsome Mike,
8/23/18,3,MCL,,6,Dirt,Not That Brady,5,3.85,FALSE,4,George Weaver,Kendrick Carmouche,1:12.592,,,Big Brown,
8/23/18,3,MCL,,6,Dirt,Foremost,4,19.30,FALSE,5,D. Lukas,David Cohen,1:13.927,,,Oxbow,
8/23/18,3,MCL,,6,Dirt,Cadillac Frankie,3,3.20,FALSE,6,Rudy Rodriguez,"Irad Ortiz, Jr.",1:13.967,,,Two Step Salsa,
8/23/18,5,MSW-NY,,8.5,Turf,Dashing Dan,5,10.90,FALSE,1,Michael Dilger,Kendrick Carmouche,1:44.950,SAR 8/8 5,15,D'Funnybone,
8/23/18,5,MSW-NY,,8.5,Turf,Scotty Brown,8,14.10,FALSE,2,John Terranova II,Luis Saez,1:45.563,,,Big Brown,
8/23/18,5,MSW-NY,,8.5,Turf,Graded On a Curve,1,2.75,FALSE,3,Chad Brown,"Irad Ortiz, Jr.",1:45.686,,,Noble Mission (GB),
8/23/18,5,MSW-NY,,8.5,Turf,Quiet Out East,7,17.40,FALSE,4,Christophe Clement,Manuel Franco,1:45.768,,,Broken Vow,
8/23/18,5,MSW-NY,,8.5,Turf,Coach Villa,4,12.20,FALSE,5,Nicholas Zito,Joe Bravo,1:46.013,SAR 7/27 1,27,Big Brown,
8/23/18,5,MSW-NY,,8.5,Turf,Lost in Manhattan,10,6.90,FALSE,6,Steven Asmussen,"Ricardo Santana, Jr.",1:46.013,SAR 8/10 10,13,Freud,
8/23/18,5,MSW-NY,,8.5,Turf,Tiger Man,6,41.25,FALSE,7,Russell Cash,Eric Cancel,1:46.013,MTH 7/14 6,40,Desert Party,
8/23/18,5,MSW-NY,,8.5,Turf,Early Retirement,9,2.10,TRUE,8,David Donk,Jose Ortiz,1:46.177,SAR 8/8 5,15,Freud,
8/23/18,5,MSW-NY,,8.5,Turf,Durkin's Call,2,17.50,FALSE,9,Michael Trombetta,Jose Lezcano,1:46.218,SAR 7/30 5,24,Jump Start,
8/23/18,5,MSW-NY,,8.5,Turf,Good Wheels,3,7.00,FALSE,10,Todd Pletcher,John Velazquez,1:48.346,,,Scat Daddy,
8/24/18,1,MSW-NY,,5.5,Turf,Analyzethisandthat,6,4.50,FALSE,1,Russell Cash,Kendrick Carmouche,1:03.120,MTH 7/28 2,27,Freud,
8/24/18,1,MSW-NY,,5.5,Turf,Wicked Grin,7,7.10,FALSE,2,Christophe Clement,David Cohen,1:03.158,,,Jimmy Creed,
8/24/18,1,MSW-NY,,5.5,Turf,Pipes,2,2.00,TRUE,3,Gary Contessa,Joel Rosario,1:03.196,SAR 7/23 4,32,Exchange Rate,
8/24/18,1,MSW-NY,,5.5,Turf,Beachside,8,5.70,FALSE,4,Linda Rice,"Irad Ortiz, Jr.",1:04.185,,,Giant's Causeway,
8/24/18,1,MSW-NY,,5.5,Turf,Qian B C,5,5.00,FALSE,5,Charlton Baker,Dylan Davis,1:04.185,,,Desert Party,
8/24/18,1,MSW-NY,,5.5,Turf,Magical Tale,4,20.00,FALSE,6,James Ryerson,Jose Lezcano,1:04.261,SAR 7/23 4,32,Forty Tales,
8/24/18,1,MSW-NY,,5.5,Turf,Empiremeister,3,38.25,FALSE,7,Erin Wilkinson,Eric Cancel,1:04.527,,,Bodemeister,
8/24/18,1,MSW-NY,,5.5,Turf,Semper Paratus,1,19.90,FALSE,8,Michelle Nevin,Manuel Franco,1:04.983,SAR 7/23 4,32,Flatter,
8/24/18,1,MSW-NY,,5.5,Turf,Bozzini,9,7.30,FALSE,9,Jeremiah Englehart,Luis Saez,1:05.554,SAR 7/23 4,32,Desert Party,
8/24/18,4,MSW-NY-F,,8.5,Turf,Shady Shady Shady,10,2.45,TRUE,1,Michelle Nevin,John Velazquez,1:43.780,SAR 7/20 2,35,Hat Trick (JPN),
8/24/18,4,MSW-NY-F,,8.5,Turf,Mensa Member,7,3.85,FALSE,2,Chad Brown,Jose Ortiz,1:44.548,,,Flatter,
8/24/18,4,MSW-NY-F,,8.5,Turf,Shak's Hidden Gem,3,5.10,FALSE,3,Gary Contessa,Joel Rosario,1:44.629,SAR 8/1 6,23,Shackleford,
8/24/18,4,MSW-NY-F,,8.5,Turf,Empress Sophia,6,10.20,FALSE,4,D. Lukas,David Cohen,1:45.115,SAR 7/25 5,30,Bodemeister,
8/24/18,4,MSW-NY-F,,8.5,Turf,Gypsy Mama,2,44.75,FALSE,5,Dominick Schettino,Dylan Davis,1:45.601,,,Dublin,
8/24/18,4,MSW-NY-F,,8.5,Turf,Tashmoo,9,35.75,FALSE,6,Michael Dilger,Kendrick Carmouche,1:45.641,,,Cairo Prince,
8/24/18,4,MSW-NY-F,,8.5,Turf,Miss After School,1,24.25,FALSE,7,Thomas Bush,Jose Lezcano,1:46.815,SAR 8/9 1,15,Point of Entry,
8/24/18,4,MSW-NY-F,,8.5,Turf,Tiztinabella,4,13.50,FALSE,8,Philip Gleaves,Rajiv Maragh,1:46.936,,,Tizway,
8/24/18,4,MSW-NY-F,,8.5,Turf,Caralicious,8,26.50,FALSE,9,Mitchell Friedman,Junior Alvarado,1:47.462,SAR 8/9 1,15,Noble Mission (GB),
8/24/18,4,MSW-NY-F,,8.5,Turf,Seven Jewels,5,2.95,FALSE,10,Brad Cox,Luis Saez,1:47.462,BEL 7/5 1,50,Big Brown,
8/24/18,5,STK-NY,Funny Cide S.,6.5,Dirt,Dugout,4,3.00,FALSE,1,Larry Rivelli,Javier Castellano,1:16.430,SAR 7/23 4,32,Adios Charlie,
8/24/18,5,STK-NY,Funny Cide S.,6.5,Dirt,Bankit,3,3.65,FALSE,2,Steven Asmussen,"Ricardo Santana, Jr.",1:16.437,SAR 7/27 1,28,Central Banker,
8/24/18,5,STK-NY,Funny Cide S.,6.5,Dirt,Bustin to Be Loved,2,3.05,FALSE,3,Gary Contessa,"Irad Ortiz, Jr.",1:17.014,SAR 8/6 6,18,Bustin Stones,
8/24/18,5,STK-NY,Funny Cide S.,6.5,Dirt,Dalliance,1,27.75,FALSE,4,Kevin Rice,Arienne Cox,1:17.131,MTH 8/4 8,20,Dublin,
8/24/18,5,STK-NY,Funny Cide S.,6.5,Dirt,La Fuerza,5,1.20,TRUE,5,Todd Pletcher,John Velazquez,1:17.871,BEL 7/14 3,41,Flatter,
8/24/18,7,STK-NY-F,Seeking the Ante S.,6.5,Dirt,Party Like Grandma,1,2.95,FALSE,1,Jeremiah Englehart,Andre Worrie,1:17.590,FL 7/12 4,43,Desert Party,
8/24/18,7,STK-NY-F,Seeking the Ante S.,6.5,Dirt,Maiden Beauty,3,2.70,FALSE,2,Gary Contessa,Joel Rosario,1:17.787,BEL 7/15 7,40,Revolutionary,
8/24/18,7,STK-NY-F,Seeking the Ante S.,6.5,Dirt,She's Trouble,5,1.90,TRUE,3,Linda Rice,"Irad Ortiz, Jr.",1:18.183,SAR 8/3 5,21,Into Mischief,
8/24/18,7,STK-NY-F,Seeking the Ante S.,6.5,Dirt,Harley Q,6,15.60,FALSE,4,Uriah St. Lewis,Manuel Franco,1:18.974,PRX 7/24 7,31,Mucho Macho Man,
8/24/18,7,STK-NY-F,Seeking the Ante S.,6.5,Dirt,Time Warp,4,4.10,FALSE,5,Kenneth McPeek,Javier Castellano,1:19.528,SAR 8/9 1,15,Cairo Prince,
8/24/18,7,STK-NY-F,Seeking the Ante S.,6.5,Dirt,Icy Lady,2,12.40,FALSE,6,Michael Gorham,Jose Ortiz,1:22.733,BEL 7/15 7,40,Mission Impazible,
8/25/18,1,MSW,,6,Dirt,Classy John,3,12.20,FALSE,1,Dallas Stewart,"Brian Hernandez, Jr.",1:10.160,,,Songandaprayer,
8/25/18,1,MSW,,6,Dirt,Puttheglassdown,5,3.00,FALSE,2,Jeremiah Englehart,Luis Saez,1:11.090,SAR 7/21 6,35,Violence,
8/25/18,1,MSW,,6,Dirt,Starting Point,6,4.60,FALSE,3,William Mott,Jose Ortiz,1:11.361,SAR 8/11 4,14,Paynter,
8/25/18,1,MSW,,6,Dirt,Greyes Creek,1,2.05,TRUE,4,Chad Brown,"Irad Ortiz, Jr.",1:11.593,,,Pioneerof the Nile,
8/25/18,1,MSW,,6,Dirt,Lucid Dream,4,39.25,FALSE,5,Eric Guillot,Dylan Davis,1:11.865,,,Bodemeister,
8/25/18,1,MSW,,6,Dirt,Strong Union,7,36.75,FALSE,6,D. Lukas,David Cohen,1:12.369,,,Union Rags,
8/25/18,1,MSW,,6,Dirt,Mischievous Bird,2,2.15,FALSE,7,Norm Casse,Julien Leparoux,1:14.151,,,Into Mischief,
8/25/18,4,MSW,,8.5,Turf,Forty Under,6,20.00,FALSE,1,Jeremiah Englehart,Manuel Franco,1:41.950,SAR 7/28 5,28,Uncle Mo,
8/25/18,4,MSW,,8.5,Turf,Social Paranoia,7,2.60,FALSE,2,Todd Pletcher,John Velazquez,1:42.188,SAR 8/4 2,21,Street Boss,
8/25/18,4,MSW,,8.5,Turf,Skychief,2,32.50,FALSE,3,Michael Maker,"Ricardo Santana, Jr.",1:42.268,SAR 8/13 4,12,More Than Ready,
8/25/18,4,MSW,,8.5,Turf,Moon Colony,9,9.80,FALSE,4,Mark Casse,Julien Leparoux,1:42.745,SAR 8/4 7,21,Uncle Mo,
8/25/18,4,MSW,,8.5,Turf,Digital Footprint,3,1.30,TRUE,5,Chad Brown,Javier Castellano,1:42.784,SAR 7/21 2,35,Giant's Causeway,
8/25/18,4,MSW,,8.5,Turf,Honey Won't,1,29.25,FALSE,6,William Mott,Junior Alvarado,1:42.943,SAR 8/18 2,7,Soldat,
8/25/18,4,MSW,,8.5,Turf,Rock On Kitten,5,12.00,FALSE,7,Michael Maker,Luis Saez,1:43.778,,,Kitten's Joy,
8/25/18,4,MSW,,8.5,Turf,Ian Glass,10,13.40,FALSE,8,Thomas Morley,"Irad Ortiz, Jr.",1:44.017,,,Hard Spun,
8/25/18,4,MSW,,8.5,Turf,Americano,8,17.20,FALSE,9,William Mott,Jose Ortiz,1:44.335,SAR 8/11 6,14,Tiznow,
8/25/18,4,MSW,,8.5,Turf,Salvator Mundi,4,11.40,FALSE,10,Kenneth McPeek,"Brian Hernandez, Jr.",1:44.732,ELP 7/6 8,50,Artie Schiller,
8/26/18,2,MSW-F,,8.5,Turf,Rotate,6,10.30,FALSE,,William Mott,Junior Alvarado,,SAR 7/29 4,28,Orb,"Eased, walked off"
8/26/18,2,MSW-F,,8.5,Turf,Speedy Solution,4,1.65,TRUE,1,Wesley Ward,"Irad Ortiz, Jr.",1:42.240,BEL 7/6 4,51,Real Solution,
8/26/18,2,MSW-F,,8.5,Turf,Hidden Facts,9,31.75,FALSE,2,Brian Lynch,Julien Leparoux,1:42.319,SAR 8/5 1,21,The Factor,
8/26/18,2,MSW-F,,8.5,Turf,Choate Bridge,10,24.00,FALSE,3,Brendan Walsh,Manuel Franco,1:42.399,,,Street Sense,
8/26/18,2,MSW-F,,8.5,Turf,Madding Crowd,5,8.70,FALSE,4,William Mott,Javier Castellano,1:42.678,,,Giant's Causeway,
8/26/18,2,MSW-F,,8.5,Turf,Miss Rombauer,8,5.90,FALSE,5,Chad Brown,Jose Ortiz,1:42.758,,,Scat Daddy,
8/26/18,2,MSW-F,,8.5,Turf,Irish Intuition,7,11.50,FALSE,6,Kenneth McPeek,Dylan Davis,1:43.156,SAR 8/5 6,21,Exchange Rate,
8/26/18,2,MSW-F,,8.5,Turf,Trish the Dish,2,8.80,FALSE,7,Brian Lynch,Luis Saez,1:43.356,BEL 7/6 4,51,English Channel,
8/26/18,2,MSW-F,,8.5,Turf,Blahnik,1,3.70,FALSE,8,Todd Pletcher,John Velazquez,1:44.631,SAR 7/20 5,37,Bernardini,
8/26/18,2,MSW-F,,8.5,Turf,Royal Angel,3,47.00,FALSE,9,John Kimmel,Jose Lezcano,1:45.389,SAR 8/5 6,21,Cairo Prince,
8/26/18,5,MSW-F,,6,Dirt,Into the South,3,4.10,FALSE,1,"Ignacio Correas, IV",Julien Leparoux,1:10.680,SAR 7/29 4,28,Into Mischief,
8/26/18,5,MSW-F,,6,Dirt,Wheedle,4,9.70,FALSE,2,Rodolphe Brisset,Florent Geroux,1:10.992,,,Flatter,
8/26/18,5,MSW-F,,6,Dirt,Malibu Mischief,1,9.20,FALSE,3,Gary Contessa,Junior Alvarado,1:11.187,SAR 8/3 1,23,Goldencents,
8/26/18,5,MSW-F,,6,Dirt,Enliven,6,0.90,TRUE,4,Kiaran McLaughlin,Joe Bravo,1:11.304,,,Ghostzapper,
8/26/18,5,MSW-F,,6,Dirt,Angelia,2,4.00,FALSE,5,Todd Pletcher,John Velazquez,1:11.812,,,Curlin,
8/26/18,5,MSW-F,,6,Dirt,Carolina Beach,5,9.90,FALSE,6,Horacio DePaz,"Ricardo Santana, Jr.",1:12.436,,,Bernardini,
8/27/18,1,MSW-NY,,7,Dirt,Greg King of Kool,4,38.50,FALSE,,Michael Miceli,Dylan Davis,,BEL7/12 4,46,Here Comes Ben,"Eased, walked off"
8/27/18,1,MSW-NY,,7,Dirt,Just Right,1,2.70,FALSE,1,Todd Pletcher,John Velazquez,1:23.960,SAR 8/6 6,21,Into Mischief,
8/27/18,1,MSW-NY,,7,Dirt,Red Zinger,3,2.55,TRUE,2,Gary Contessa,Joel Rosario,1:24.715,SAR 8/6 6,21,Will Take Charge,
8/27/18,1,MSW-NY,,7,Dirt,Woodbury,5,3.05,FALSE,3,Rudy Rodriguez,Jose Ortiz,1:24.953,SAR 7/23 4,35,Power Broker,
8/27/18,1,MSW-NY,,7,Dirt,Pier Forty,6,3.80,FALSE,4,George Weaver,"Ricardo Santana, Jr.",1:25.311,SAR 8/8 5,19,City Zip,
8/27/18,1,MSW-NY,,7,Dirt,Bret's Legacy,2,5.00,FALSE,5,Michelle Nevin,Manuel Franco,1:27.219,SAR 7/27 1,31,Boys at Tosconova,
8/27/18,9,MSW-NY-F,,5.5,Turf,Surge of Pride,4,3.70,FALSE,1,Linda Rice,"Irad Ortiz, Jr.",1:03.230,,,Kantharos,
8/27/18,9,MSW-NY-F,,5.5,Turf,Short Pour,5,5.10,FALSE,2,Mark Hennig,Jose Ortiz,1:03.496,,,The Factor,
8/27/18,9,MSW-NY-F,,5.5,Turf,Matzo Bella,1,11.10,FALSE,3,Jena Antonucci,Kendrick Carmouche,1:03.801,,,Gio Ponti,
8/27/18,9,MSW-NY-F,,5.5,Turf,Niko's Dream,2,7.90,FALSE,4,Barclay Tagg,Junior Alvarado,1:03.877,,,Central Banker,
8/27/18,9,MSW-NY-F,,5.5,Turf,Kathy's Cause,8,9.80,FALSE,5,James Ryerson,Manuel Franco,1:04.106,,,Giant's Causeway,
8/27/18,9,MSW-NY-F,,5.5,Turf,Tappanzee,6,17.90,FALSE,6,Dominick Schettino,Joe Bravo,1:04.373,,,Honorable Dillon,
8/27/18,9,MSW-NY-F,,5.5,Turf,Miss Diagnose,3,19.10,FALSE,7,Rudy Rodriguez,Julien Leparoux,1:04.601,,,Cosmonaut,
8/27/18,9,MSW-NY-F,,5.5,Turf,Traci's Girl,9,12.10,FALSE,8,Charlton Baker,Dylan Davis,1:04.639,,,Posse,
8/27/18,9,MSW-NY-F,,5.5,Turf,Molly's Party,10,2.60,TRUE,9,John Kimmel,Jose Lezcano,1:04.677,SAR 8/9 1,18,Desert Party,
8/27/18,9,MSW-NY-F,,5.5,Turf,Margie Cat,7,12.50,FALSE,10,Gary Sciacca,Luis Reyes,1:04.677,SAR 8/15 2,12,Mission Impazible,
8/29/18,5,MSW-NY-F,,6.5,Dirt,More Mischief,3,2.30,FALSE,1,Chad Brown,Jose Ortiz,1:19.120,SAR 8/3 5,26,Into Mischief,
8/29/18,5,MSW-NY-F,,6.5,Dirt,Midnitesalright,10,4.10,FALSE,2,Jason Servis,Manuel Franco,1:19.563,BEL 7/15 7,45,Midnight Lute,
8/29/18,5,MSW-NY-F,,6.5,Dirt,Mary's Girl,7,11.70,FALSE,3,Richard Schosberg,Luis Saez,1:20.491,SAR 8/3 5,26,Shanghai Bobby,
8/29/18,5,MSW-NY-F,,6.5,Dirt,Chillinwithfriends,6,1.90,TRUE,4,Rudy Rodriguez,"Irad Ortiz, Jr.",1:20.612,SAR 7/25 5,35,Friend or Foe,
8/29/18,5,MSW-NY-F,,6.5,Dirt,Three Birds,5,66.25,FALSE,5,Michael Lauer,Eric Cancel,1:20.733,SAR 8/15 2,14,Central Banker,
8/29/18,5,MSW-NY-F,,6.5,Dirt,Alreadycelebrating,4,16.50,FALSE,6,Thomas Morley,Javier Castellano,1:21.782,,,Union Rags,
8/29/18,5,MSW-NY-F,,6.5,Dirt,No Stone Unturned,8,12.90,FALSE,7,Jeremiah Englehart,Kendrick Carmouche,1:21.823,FL 7/23 4,37,Bustin Stones,
8/29/18,5,MSW-NY-F,,6.5,Dirt,She's a Lumberjane,2,77.00,FALSE,8,John Morrison,Michael Luzzi,1:23.719,,,The Lumber Guy,
8/29/18,5,MSW-NY-F,,6.5,Dirt,Zip It Jess,1,9.70,FALSE,9,John Tebbutt,Joe Bravo,1:23.719,SAR 8/16 4,13,City Zip,
8/29/18,5,MSW-NY-F,,6.5,Dirt,Charming Cara,9,39.75,FALSE,10,Mitchell Friedman,Junior Alvarado,1:25.857,SAR 8/15 5,14,Central Banker,
8/29/18,9,STK,With Anticipation S.,8.5,Turf,Opry,5,3.90,FALSE,1,Todd Pletcher,Javier Castellano,1:42.000,SAR 8/11 4,18,Declaration of War,
8/29/18,9,STK,With Anticipation S.,8.5,Turf,Somelikeithotbrown,4,1.10,TRUE,2,Michael Maker,"Irad Ortiz, Jr.",1:42.238,SAR 8/8 5,21,Big Brown,
8/29/18,9,STK,With Anticipation S.,8.5,Turf,Joyful Heart,1,4.70,FALSE,3,Brian Lynch,Jose Ortiz,1:42.596,BEL 7/6 1,52,Kitten's Joy,
8/29/18,9,STK,With Anticipation S.,8.5,Turf,Swamp Rat,6,4.60,FALSE,4,Philip Gleaves,Julien Leparoux,1:42.676,SAR 8/17 9,12,Hat Trick (JPN),
8/29/18,9,STK,With Anticipation S.,8.5,Turf,Seanow,3,10.00,FALSE,5,Todd Pletcher,John Velazquez,1:43.471,SAR 7/21 2,39,Tiznow,
8/29/18,9,STK,With Anticipation S.,8.5,Turf,Gunslinger (IRE),2,12.20,FALSE,6,Carlos Martin,Kendrick Carmouche,1:43.869,BLL 7/6,54,Born to Sea (IRE),
8/30/18,7,MSW-NY,,5.5,Dirt,Poppy's Destiny,5,5.70,FALSE,1,Linda Rice,"Irad Ortiz, Jr.",1:05.520,,,Orb,
8/30/18,7,MSW-NY,,5.5,Dirt,True Gold,3,3.60,FALSE,2,Charlton Baker,Joel Rosario,1:05.527,,,Frost Giant,
8/30/18,7,MSW-NY,,5.5,Dirt,Risp,8,1.85,TRUE,3,Thomas Bush,Javier Castellano,1:05.598,,,Violence,
8/30/18,7,MSW-NY,,5.5,Dirt,Wild Boar,1,23.00,FALSE,4,John Kimmel,Jose Lezcano,1:06.507,,,Tale of the Cat,
8/30/18,7,MSW-NY,,5.5,Dirt,Six Brothers,9,28.75,FALSE,5,Gary Sciacca,Kendrick Carmouche,1:06.507,,,Bustin Stones,
8/30/18,7,MSW-NY,,5.5,Dirt,Grammi Dance,2,5.20,FALSE,6,"Richard Violette, Jr.",Jose Ortiz,1:06.586,,,Twirling Candy,
8/30/18,7,MSW-NY,,5.5,Dirt,Honorable Hero,4,32.75,FALSE,7,Gary Contessa,Junior Alvarado,1:06.980,,,Honorable Dillon,
8/30/18,7,MSW-NY,,5.5,Dirt,Prince of New York,7,16.10,FALSE,8,Jeremiah Englehart,David Cohen,1:07.296,,,Cairo Prince,
8/30/18,7,MSW-NY,,5.5,Dirt,Mister Muy Bien,6,21.00,FALSE,9,Rudy Rodriguez,"Ricardo Santana, Jr.",1:07.533,,,Central Banker,
8/30/18,7,MSW-NY,,5.5,Dirt,Riken,10,8.00,FALSE,10,David Donk,Manuel Franco,1:08.955,,,Central Banker,
8/30/18,9,STK-F,P. G. Johnson S.,8.5,Turf,Dogtag,1,1.15,TRUE,1,Chad Brown,Javier Castellano,1:45.820,SAR 8/5 6,25,War Front,
8/30/18,9,STK-F,P. G. Johnson S.,8.5,Turf,Varenka,5,13.00,FALSE,2,H. Motion,John Velazquez,1:45.985,LRL 7/20 3,41,Ghostzapper,
8/30/18,9,STK-F,P. G. Johnson S.,8.5,Turf,Chocolate Kisses,6,2.30,FALSE,3,Mark Casse,Jose Ortiz,1:46.810,SAR 7/22 2,39,Candy Ride (ARG),
8/30/18,9,STK-F,P. G. Johnson S.,8.5,Turf,O'Malley,3,9.40,FALSE,4,Michael Stidham,Joe Bravo,1:46.934,DEL 8/8 4,22,More Than Ready,
8/30/18,9,STK-F,P. G. Johnson S.,8.5,Turf,Road Tiger,2,8.00,FALSE,5,Kenneth McPeek,"Ricardo Santana, Jr.",1:47.222,ELP 7/7 7,54,Quality Road,
8/30/18,9,STK-F,P. G. Johnson S.,8.5,Turf,Chasing the Kitty,4,5.40,FALSE,6,Adam Rice,Kendrick Carmouche,1:47.222,PID 7/25 1,36,Kitten's Joy,
8/31/18,5,MSW-F,,5.5,Turf,Stellar Agent,5,13.70,FALSE,1,Jorge Abreu,Manuel Franco,1:03.630,,,More Than Ready,
8/31/18,5,MSW-F,,5.5,Turf,Paradise Retained,3,5.30,FALSE,2,Jason Servis,"Irad Ortiz, Jr.",1:04.166,SAR 7/26 10,36,Speightstown,
8/31/18,5,MSW-F,,5.5,Turf,Quiet Company,4,1.85,TRUE,3,Horacio DePaz,Joe Bravo,1:04.166,SAR 7/26 10,36,Temple City,
8/31/18,5,MSW-F,,5.5,Turf,Lady Grace,7,5.10,FALSE,4,Mark Casse,Jose Lezcano,1:04.358,,,Kantharos,
8/31/18,5,MSW-F,,5.5,Turf,Senda,6,11.10,FALSE,5,William Mott,Kendrick Carmouche,1:04.435,SAR 8/12 5,19,Scat Daddy,
8/31/18,5,MSW-F,,5.5,Turf,My Girl Rocket,9,21.90,FALSE,6,"Albert Stall, Jr.","Ricardo Santana, Jr.",1:04.435,,,Congrats,
8/31/18,5,MSW-F,,5.5,Turf,Princess Trina,2,7.00,FALSE,7,Ralph Nicks,Joel Rosario,1:04.473,SAR 7/20 5,42,Congrats,
8/31/18,5,MSW-F,,5.5,Turf,Miss Leah Angel (GB),1,12.20,FALSE,8,H. Motion,Junior Alvarado,1:04.511,,,Dark Angel (IRE),
8/31/18,5,MSW-F,,5.5,Turf,Champagne Bliss,10,10.90,FALSE,9,James Toner,Jose Ortiz,1:04.703,,,Into Mischief,
8/31/18,5,MSW-F,,5.5,Turf,Altar of Speed,8,22.00,FALSE,10,Joe Sharp,Luis Saez,1:05.508,,,Alternation,
9/1/18,1,MSW,,7,Dirt,Signalman,6,4.20,FALSE,1,Kenneth McPeek,David Cohen,1:23.890,CD 5/17 3,107,General Quarters,
9/1/18,1,MSW,,7,Dirt,Lion Dance,3,5.50,FALSE,2,James Jerkens,Javier Castellano,1:23.897,,,Bernardini,
9/1/18,1,MSW,,7,Dirt,Limonite,1,27.75,FALSE,3,Steven Asmussen,"Ricardo Santana, Jr.",1:23.929,,,Lemon Drop Kid,
9/1/18,1,MSW,,7,Dirt,Will Dancer,7,8.50,FALSE,4,Chad Brown,"Irad Ortiz, Jr.",1:24.803,,,Will Take Charge,
9/1/18,1,MSW,,7,Dirt,Frolic More,5,5.50,FALSE,5,Dallas Stewart,"Brian Hernandez, Jr.",1:25.002,,,More Than Ready,
9/1/18,1,MSW,,7,Dirt,Speed App,2,6.00,FALSE,6,D. Lukas,Luis Saez,1:25.161,SAR 8/11 2,21,Flatter,
9/1/18,1,MSW,,7,Dirt,Felix the Fox,4,12.50,FALSE,7,Claude McGaughey III,Joel Rosario,1:25.677,,,Tapit,
9/1/18,1,MSW,,7,Dirt,Fed Fever,8,2.10,TRUE,8,George Weaver,Manuel Franco,1:26.551,SAR 7/21 6,42,Fed Biz,
9/1/18,1,MSW,,7,Dirt,Bumperdoo,9,49.75,FALSE,9,Nicholas Zito,Dylan Davis,1:27.305,SAR 8/4 2,28,Birdstone,
9/1/18,6,MSW,,8.5,Turf,Spirit Animal,3,2.60,FALSE,1,Chad Brown,Javier Castellano,1:42.920,SAR 8/4 2,28,Lemon Drop Kid,
9/1/18,6,MSW,,8.5,Turf,Hubba Bubba,10,28.25,FALSE,2,David Cannizzo,"Ricardo Santana, Jr.",1:43.120,SAR 8/13 4,19,Exchange Rate,
9/1/18,6,MSW,,8.5,Turf,Noble Nebraskan,7,9.60,FALSE,3,George Weaver,Manuel Franco,1:43.441,,,Noble Mission (GB),
9/1/18,6,MSW,,8.5,Turf,Agitator,8,37.50,FALSE,4,Nicholas Zito,Jose Lezcano,1:43.562,SAR 8/11 4,21,Lemon Drop Kid,
9/1/18,6,MSW,,8.5,Turf,Winning Factor,6,7.30,FALSE,5,Robert Barbara,Kendrick Carmouche,1:43.722,SAR 8/11 4,21,The Factor,
9/1/18,6,MSW,,8.5,Turf,Noble Spirit,2,3.90,FALSE,6,George Weaver,Luis Saez,1:43.722,SAR 7/21 2,42,Noble Mission (GB),
9/1/18,6,MSW,,8.5,Turf,Justcallmenorman,5,9.30,FALSE,7,Mark Casse,"Irad Ortiz, Jr.",1:43.883,,,Uncaptured,
9/1/18,6,MSW,,8.5,Turf,Angelo's Corner,1,58.25,FALSE,8,Dominick Schettino,Dylan Davis,1:43.883,,,Prospective,
9/1/18,6,MSW,,8.5,Turf,Southern Bridge,9,2.30,TRUE,9,William Mott,Jose Ortiz,1:43.963,SAR 7/21 2,42,Lemon Drop Kid,
9/1/18,6,MSW,,8.5,Turf,Staccato,4,43.50,FALSE,10,D. Lukas,David Cohen,1:50.866,,,Hard Spun,
9/1/18,10,GRD-F,Spinaway S.,7,Dirt,Sippican Harbor,6,16.00,FALSE,1,Gary Contessa,Joel Rosario,1:23.720,SAR 8/12 10,20,Orb,
9/1/18,10,GRD-F,Spinaway S.,7,Dirt,Restless Rider,11,2.85,FALSE,2,Kenneth McPeek,"Brian Hernandez, Jr.",1:24.037,CD 6/30 7,63,Distorted Humor,
9/1/18,10,GRD-F,Spinaway S.,7,Dirt,Cassies Dreamer,1,68.00,FALSE,3,Barclay Tagg,Junior Alvarado,1:24.076,SAR 8/3 1,29,Flatter,
9/1/18,10,GRD-F,Spinaway S.,7,Dirt,Bella Ciao,9,125.75,FALSE,4,Antonio Sano,Edgard Zayas,1:24.235,GP 7/26 5,37,Flatter,
9/1/18,10,GRD-F,Spinaway S.,7,Dirt,Nonna Madeline,5,7.20,FALSE,5,Todd Pletcher,John Velazquez,1:24.354,SAR 7/20 8,43,Candy Ride (ARG),
9/1/18,10,GRD-F,Spinaway S.,7,Dirt,Reflect,10,23.50,FALSE,6,J. Desormeaux,Manuel Franco,1:24.473,DMR 8/5 8,27,Trappe Shot,
9/1/18,10,GRD-F,Spinaway S.,7,Dirt,Chasing Yesterday,7,1.70,TRUE,7,Bob Baffert,Mike Smith,1:24.948,DMR 7/28 1,35,Tapit,
9/1/18,10,GRD-F,Spinaway S.,7,Dirt,Virginia Eloise,3,13.50,FALSE,8,Todd Pletcher,Javier Castellano,1:25.107,SAR 8/11 3,21,Curlin,
9/1/18,10,GRD-F,Spinaway S.,7,Dirt,Catherinethegreat,4,3.25,FALSE,9,Mark Casse,Jose Ortiz,1:25.939,SAR 7/20 8,43,Uncaptured,
9/1/18,10,GRD-F,Spinaway S.,7,Dirt,Baby Nina,2,135.75,FALSE,10,Anthony Quartarolo,David Cohen,1:29.943,TDN 7/21 7,42,Flatter,
9/1/18,10,GRD-F,Spinaway S.,7,Dirt,Guacamole,8,62.00,FALSE,11,Todd Pletcher,Luis Saez,1:31.727,SAR 8/11 3,21,Flat Out,
9/2/18,2,MSW-NY,,5.5,Turf,Rhythm With Soul,10,4.90,FALSE,1,John Kimmel,Joel Rosario,1:04.420,,,Munnings,
9/2/18,2,MSW-NY,,5.5,Turf,Beach Front,3,2.25,TRUE,2,Jeremiah Englehart,Jose Ortiz,1:04.458,,,Smart Bid,
9/2/18,2,MSW-NY,,5.5,Turf,Ro Jo,1,11.60,FALSE,3,Dominick Schettino,Dylan Davis,1:04.691,SAR 8/10 10,23,Big Brown,
9/2/18,2,MSW-NY,,5.5,Turf,Exchange Fever,4,4.00,FALSE,4,George Weaver,"Ricardo Santana, Jr.",1:04.691,,,Exchange Rate,
9/2/18,2,MSW-NY,,5.5,Turf,Quick Charge,5,9.00,FALSE,5,Peter Pugh,Kendrick Carmouche,1:04.769,,,Take Charge Indy,
9/2/18,2,MSW-NY,,5.5,Turf,Bettor Bank On It,6,8.00,FALSE,6,Edward Barker,Junior Alvarado,1:04.808,,,Central Banker,
9/2/18,2,MSW-NY,,5.5,Turf,Gray's Image,7,10.20,FALSE,7,Jeremiah Englehart,"Irad Ortiz, Jr.",1:04.808,,,Graydar,
9/2/18,2,MSW-NY,,5.5,Turf,Kid Chocolate,2,40.50,FALSE,8,Gary Sciacca,Luis Reyes,1:05.662,,,Lookin at Lucky,
9/2/18,2,MSW-NY,,5.5,Turf,The Glominator,8,9.40,FALSE,9,Ralph Nicks,Eric Cancel,1:06.128,SAR 8/8 5,25,Animal Kingdom,
9/2/18,2,MSW-NY,,5.5,Turf,His Honor,9,44.25,FALSE,10,Raymond Handal,David Cohen,1:06.128,,,Honorable Dillon,
9/2/18,4,MSW-F,,7,Dirt,Graceful Princess,4,3.85,FALSE,1,Ralph Nicks,Manuel Franco,1:23.580,,,Tapit,
9/2/18,4,MSW-F,,7,Dirt,Introspection,3,8.50,FALSE,2,Brian Lynch,Luis Saez,1:23.857,SAR 7/29 4,35,Overanalyze,
9/2/18,4,MSW-F,,7,Dirt,Dovey Lovey,2,11.80,FALSE,3,Gary Contessa,Junior Alvarado,1:24.054,SAR 8/12 6,21,Include,
9/2/18,4,MSW-F,,7,Dirt,Off Topic,7,2.50,TRUE,4,Todd Pletcher,John Velazquez,1:24.925,,,Street Sense,
9/2/18,4,MSW-F,,7,Dirt,Fancy That,6,13.90,FALSE,5,Kiaran McLaughlin,Joe Bravo,1:24.925,,,Street Sense,
9/2/18,4,MSW-F,,7,Dirt,Style and Grace,9,3.85,FALSE,6,Anthony Dutrow,Joel Rosario,1:24.925,SAR 7/29 4,35,Curlin,
9/2/18,4,MSW-F,,7,Dirt,Dance Club,1,4.80,FALSE,7,Claude McGaughey III,Jose Ortiz,1:25.083,SAR 8/5 1,28,Candy Ride (ARG),
9/2/18,4,MSW-F,,7,Dirt,Wild Moment,8,19.70,FALSE,8,Ron Moquett,"Ricardo Santana, Jr.",1:25.281,SAR 8/12 6,21,Medaglia d'Oro,
9/2/18,4,MSW-F,,7,Dirt,Still Processing,5,37.50,FALSE,9,Linda Albert,Kendrick Carmouche,1:26.191,LRL 8/3 4,30,Overanalyze,
9/2/18,6,MSW-NY-F,,5.5,Dirt,Take Me to Hardoon,6,1.95,TRUE,1,Jeremiah Englehart,David Cohen,1:04.650,,,Violence,
9/2/18,6,MSW-NY-F,,5.5,Dirt,Sassy Agnes,7,3.25,FALSE,2,Linda Rice,"Irad Ortiz, Jr.",1:04.805,SAR 8/1 6,32,Central Banker,
9/2/18,6,MSW-NY-F,,5.5,Dirt,It's a Lovely Day,8,4.40,FALSE,3,Chad Brown,Javier Castellano,1:06.247,,,Flatter,
9/2/18,6,MSW-NY-F,,5.5,Dirt,Roziere,2,6.20,FALSE,4,Danny Gargan,Kendrick Carmouche,1:06.675,,,Mission Impazible,
9/2/18,6,MSW-NY-F,,5.5,Dirt,Rose of Dublin,3,26.25,FALSE,5,Chris Englehart,Jose Lezcano,1:06.753,,,Dublin,
9/2/18,6,MSW-NY-F,,5.5,Dirt,Enough Love,1,12.00,FALSE,6,Linda Rice,Jose Ortiz,1:07.221,,,He's Had Enough,
9/2/18,6,MSW-NY-F,,5.5,Dirt,Royal Nation,4,16.00,FALSE,7,William Mott,Junior Alvarado,1:07.221,,,Paynter,
9/2/18,6,MSW-NY-F,,5.5,Dirt,She Makes Me Smile,5,42.00,FALSE,8,Bruce Brown,Michael Luzzi,1:07.338,,,Include,
9/2/18,6,MSW-NY-F,,5.5,Dirt,Fika,10,10.40,FALSE,9,Joe Sharp,Luis Saez,1:08.039,,,Union Rags,
9/2/18,6,MSW-NY-F,,5.5,Dirt,Cpl. Magdalena,9,69.25,FALSE,10,Gary Sciacca,Luis Reyes,1:08.156,,,Courageous Cat,
9/2/18,7,MSW-F,,7,Dirt,Takecharge Mirella,4,1.55,TRUE,1,Kiaran McLaughlin,Joe Bravo,1:25.620,SAR 8/12 6,21,Take Charge Indy,
9/2/18,7,MSW-F,,7,Dirt,Stand for the Flag,9,4.20,FALSE,2,Chad Brown,Javier Castellano,1:25.628,,,Super Saver,
9/2/18,7,MSW-F,,7,Dirt,Positive Spirit,7,5.70,FALSE,3,Rodolphe Brisset,"Irad Ortiz, Jr.",1:25.822,,,Pioneerof the Nile,
9/2/18,7,MSW-F,,7,Dirt,Champagne Tale,8,6.70,FALSE,4,Dallas Stewart,"Brian Hernandez, Jr.",1:26.187,,,Tale of Ekati,
9/2/18,7,MSW-F,,7,Dirt,Utiki,6,20.80,FALSE,5,Jeremiah Englehart,Dylan Davis,1:26.349,,,Strong Mandate,
9/2/18,7,MSW-F,,7,Dirt,Whyisshesoolucky,5,31.25,FALSE,6,Alejandro Maymo,Andy Hernandez Sanchez,1:26.552,SAR 8/3 1,30,Lookin at Lucky,
9/2/18,7,MSW-F,,7,Dirt,She's Got It All,10,8.60,FALSE,7,D. Lukas,David Cohen,1:26.592,SAR 8/12 6,21,Warrior's Reward,
9/2/18,7,MSW-F,,7,Dirt,Tweedia,2,7.60,FALSE,8,Brad Cox,Luis Saez,1:29.957,SAR 8/5 1,28,Double Irish,
9/2/18,7,MSW-F,,7,Dirt,Brass Ring,3,37.75,FALSE,9,Leah Gyarmati,Rajiv Maragh,1:32.511,SAR 7/20 5,44,Shackleford,
9/2/18,7,MSW-F,,7,Dirt,Filly Ride,1,72.00,FALSE,10,Erin Wilkinson,Eric Cancel,1:34.295,,,Misremembered,
9/3/18,1,MCL,,6,Dirt,Fly Away Birdie,1,3.15,FALSE,1,Mark Casse,Jose Ortiz,1:11.630,WO 8/4 4,30,Birdstone,
9/3/18,1,MCL,,6,Dirt,Honey Parade,2,17.10,FALSE,2,Brian Lynch,Javier Castellano,1:12.223,,,First Defence,
9/3/18,1,MCL,,6,Dirt,Gump,4,3.20,FALSE,3,Rudy Rodriguez,"Irad Ortiz, Jr.",1:12.381,SAR 7/30 5,35,Brethren,
9/3/18,1,MCL,,6,Dirt,Catch Me If U Can,6,2.00,TRUE,4,Steven Asmussen,"Ricardo Santana, Jr.",1:12.817,SAR 7/30 5,35,Jersey Town,
9/3/18,1,MCL,,6,Dirt,Bizness Beauty,3,8.60,FALSE,5,Gary Contessa,Joel Rosario,1:13.054,SAR 8/22 10,12,Fed Biz,
9/3/18,1,MCL,,6,Dirt,Honor Run,5,20.90,FALSE,6,"James Lawrence, II",Manuel Franco,1:14.241,,,To Honor and Serve,
9/3/18,1,MCL,,6,Dirt,Retreiving,7,4.50,FALSE,7,Jeremiah Englehart,Luis Saez,1:16.536,SAR 7/30 5,35,Retreive,
9/3/18,3,MSW,,6,Dirt,Stock Chain,6,6.50,FALSE,,D. Lukas,Luis Saez,,,,Exchange Rate,"Stumbled, walked off"
9/3/18,3,MSW,,6,Dirt,Complexity,1,0.85,TRUE,1,Chad Brown,Jose Ortiz,1:09.780,,,Maclean's Music,
9/3/18,3,MSW,,6,Dirt,Harvey Wallbanger,4,33.00,FALSE,2,Kenneth McPeek,Dylan Davis,1:10.435,,,Congrats,
9/3/18,3,MSW,,6,Dirt,King for a Day,7,3.25,FALSE,3,Todd Pletcher,John Velazquez,1:11.360,,,Uncle Mo,
9/3/18,3,MSW,,6,Dirt,Azrael,5,11.80,FALSE,4,Chad Brown,Javier Castellano,1:11.398,,,Cross Traffic,
9/3/18,3,MSW,,6,Dirt,Southern Phantom,2,6.50,FALSE,5,Eric Guillot,Joel Rosario,1:11.553,SAR 8/11 2,23,Bodemeister,
9/3/18,3,MSW,,6,Dirt,Binary,3,4.60,FALSE,6,"Richard Violette, Jr.","Irad Ortiz, Jr.",1:11.784,SAR 7/21 6,44,Into Mischief,
9/3/18,6,MSW-F,,8.5,Turf,Princesa Carolina,4,6.50,FALSE,1,Kenneth McPeek,"Ricardo Santana, Jr.",1:42.870,SAR 8/12 10,22,Tapit,
9/3/18,6,MSW-F,,8.5,Turf,Toy Moon,7,6.40,FALSE,2,Mark Casse,Julien Leparoux,1:42.990,SAR 8/12 5,22,Malibu Moon,
9/3/18,6,MSW-F,,8.5,Turf,Bacchanalia,9,14.30,FALSE,3,Chad Brown,"Irad Ortiz, Jr.",1:43.391,,,Union Rags,
9/3/18,6,MSW-F,,8.5,Turf,Seventh Planet,1,12.30,FALSE,4,Ralph Nicks,Eric Cancel,1:43.391,SAR 7/22 2,43,Orb,
9/3/18,6,MSW-F,,8.5,Turf,Blue Jean Kitten,3,19.80,FALSE,5,Danny Gargan,Jose Lezcano,1:43.431,,,Kitten's Joy,
9/3/18,6,MSW-F,,8.5,Turf,Seek and Destroy,8,1.75,TRUE,6,Chad Brown,Javier Castellano,1:43.471,SAR 8/5 6,29,Verrazano,
9/3/18,6,MSW-F,,8.5,Turf,Peace Corps,2,14.50,FALSE,7,H. Motion,Jose Ortiz,1:44.113,DEL 8/8 1,26,Violence,
9/3/18,6,MSW-F,,8.5,Turf,Teletype,5,10.30,FALSE,8,William Mott,Junior Alvarado,1:44.594,SAR 8/12 5,22,Data Link,
9/3/18,6,MSW-F,,8.5,Turf,Bambalina,6,5.00,FALSE,9,James Jerkens,John Velazquez,1:44.715,,,Bernardini,
9/3/18,6,MSW-F,,8.5,Turf,She's a Black Belt,10,15.40,FALSE,10,Michelle Nevin,Manuel Franco,1:44.755,SAR 8/5 6,29,Jimmy Creed,
9/3/18,10,GRD,Hopeful S.,7,Dirt,Mind Control,2,10.10,FALSE,1,Gregory Sacco,John Velazquez,1:22.990,MTH 8/12 3,22,Stay Thirsty,
9/3/18,10,GRD,Hopeful S.,7,Dirt,Mucho,7,1.15,TRUE,2,William Mott,Jose Ortiz,1:23.107,SAR 8/4 7,30,Blame,
9/3/18,10,GRD,Hopeful S.,7,Dirt,Nitrous,3,4.70,FALSE,3,Steven Asmussen,"Ricardo Santana, Jr.",1:23.461,SAR 7/21 6,44,Tapit,
9/3/18,10,GRD,Hopeful S.,7,Dirt,Sombeyay,1,5.00,FALSE,4,Todd Pletcher,Javier Castellano,1:23.540,SAR 7/21 9,44,Into Mischief,
9/3/18,10,GRD,Hopeful S.,7,Dirt,Dream Maker,5,5.40,FALSE,5,Mark Casse,Julien Leparoux,1:23.736,CD 6/7 1,88,Tapit,
9/3/18,10,GRD,Hopeful S.,7,Dirt,Thatwouldbegrand,4,19.00,FALSE,6,Dale Capuano,"Irad Ortiz, Jr.",1:24.050,LRL 8/4 5,30,Power Broker,
9/3/18,10,GRD,Hopeful S.,7,Dirt,Backtohisroots,6,58.50,FALSE,7,John Terranova II,Dylan Davis,1:26.094,SAR 7/30 5,35,Mark Valeski,
9/3/18,10,GRD,Hopeful S.,7,Dirt,Derby Date,8,11.90,FALSE,8,D. Lukas,Luis Saez,1:26.094,SAR 8/11 6,23,Will Take Charge,